"","Vote 1","Vote 2","Vote 3","Vote 4","Vote 5","Vote 6","Vote 7","Vote 8","Vote 9","Vote 10","Vote 11","Vote 12","Vote 13","Vote 14","Vote 15","Vote 16","Vote 17","Vote 18","Vote 19","Vote 20","Vote 21","Vote 22","Vote 23","Vote 24","Vote 25","Vote 26","Vote 27","Vote 28","Vote 29","Vote 30","Vote 31","Vote 32","Vote 33","Vote 34","Vote 35","Vote 36","Vote 37","Vote 38","Vote 39","Vote 40","Vote 41","Vote 42","Vote 43","Vote 44","Vote 45","Vote 46","Vote 47","Vote 48","Vote 49","Vote 50","Vote 51","Vote 52","Vote 53","Vote 54","Vote 55","Vote 56","Vote 57","Vote 58","Vote 59","Vote 60","Vote 61","Vote 62","Vote 63","Vote 64","Vote 65","Vote 66","Vote 67","Vote 68","Vote 69","Vote 70","Vote 71","Vote 72","Vote 73","Vote 74","Vote 75","Vote 76","Vote 77","Vote 78","Vote 79","Vote 80","Vote 81","Vote 82","Vote 83","Vote 84","Vote 85","Vote 86","Vote 87","Vote 88","Vote 89","Vote 90","Vote 91","Vote 92","Vote 93","Vote 94","Vote 95","Vote 96","Vote 97","Vote 98","Vote 99","Vote 100","Vote 101","Vote 102","Vote 103","Vote 104","Vote 105","Vote 106","Vote 107","Vote 108","Vote 109","Vote 110","Vote 111","Vote 112","Vote 113","Vote 114","Vote 115","Vote 116","Vote 117","Vote 118","Vote 119","Vote 120","Vote 121","Vote 122","Vote 123","Vote 124","Vote 125","Vote 126","Vote 127","Vote 128","Vote 129","Vote 130","Vote 131","Vote 132","Vote 133","Vote 134","Vote 135","Vote 136","Vote 137","Vote 138","Vote 139","Vote 140","Vote 141","Vote 142","Vote 143","Vote 144","Vote 145","Vote 146","Vote 147","Vote 148","Vote 149","Vote 150","Vote 151","Vote 152","Vote 153","Vote 154","Vote 155","Vote 156","Vote 157","Vote 158","Vote 159","Vote 160","Vote 161","Vote 162","Vote 163","Vote 164","Vote 165","Vote 166","Vote 167","Vote 168","Vote 169","Vote 170","Vote 171","Vote 172","Vote 173","Vote 174","Vote 175","Vote 176","Vote 177","Vote 178","Vote 179","Vote 180","Vote 181","Vote 182","Vote 183","Vote 184","Vote 185","Vote 186","Vote 187","Vote 188","Vote 189","Vote 190","Vote 191","Vote 192"
"HILL (D AL)",0,0,0,0,0,0,1,0,0,0,0,0,0,0,0,0,0,0,1,1,1,1,1,0,1,1,1,1,0,1,0,1,0,0,0,0,0,1,1,0,1,1,0,1,1,1,1,1,1,0,1,0,1,0,1,0,1,0,1,0,1,0,0,1,1,NA,NA,NA,NA,NA,1,0,1,0,1,1,1,0,1,0,0,0,1,1,1,0,1,1,1,1,0,0,0,1,0,0,0,1,0,1,0,1,0,1,0,0,1,1,1,0,1,1,1,1,0,0,1,1,0,0,1,1,1,0,0,0,0,1,0,1,0,0,1,0,1,0,0,1,1,1,1,1,0,1,1,1,0,1,1,1,0,1,NA,NA,NA,0,NA,0,NA,1,0,1,1,0,0,0,0,1,1,1,0,1,1,1,1,1,0,1,0,1,1,1,0,0,0,0,1,1,0,NA,1,NA
"BANKHEAD (D AL)",0,0,0,0,1,0,1,0,0,0,0,0,0,0,0,0,0,0,1,1,1,1,1,0,1,1,1,1,0,1,0,1,0,0,0,0,0,1,1,1,1,1,0,1,1,1,1,0,NA,NA,NA,0,1,NA,NA,0,1,0,1,1,NA,NA,NA,1,1,NA,NA,NA,NA,NA,1,0,1,0,1,1,1,0,1,0,0,0,1,1,1,1,1,1,1,1,1,1,1,0,1,1,1,1,0,1,0,1,0,1,1,0,1,1,1,0,1,NA,1,1,1,0,1,0,1,0,1,1,1,0,1,0,1,0,0,1,0,0,1,0,1,0,0,1,1,1,1,1,NA,1,1,1,0,0,0,1,0,1,NA,1,NA,0,NA,0,NA,1,NA,1,1,0,0,0,0,1,0,1,0,0,1,1,NA,0,1,1,1,NA,1,NA,0,0,0,0,1,1,0,NA,NA,NA
"MCFARLAND (D AZ)",0,0,0,0,0,0,1,0,1,0,0,0,0,0,0,0,0,0,1,1,1,1,1,NA,1,1,NA,1,0,1,0,1,0,0,0,0,0,1,1,1,0,1,0,1,1,1,1,1,1,0,1,0,1,0,1,1,1,0,1,0,1,1,1,1,1,NA,NA,NA,NA,NA,0,0,1,0,1,1,1,0,1,0,0,0,1,1,1,NA,1,1,1,1,1,1,1,0,0,1,0,1,0,1,1,0,0,1,1,0,1,1,1,0,1,1,1,1,1,0,1,NA,0,0,1,1,1,0,0,1,0,1,0,1,0,1,0,0,1,0,0,1,1,1,1,1,1,1,1,0,0,1,1,1,NA,NA,NA,NA,NA,0,0,1,1,1,1,1,1,0,0,0,0,1,0,1,0,0,1,1,1,1,1,1,0,1,1,NA,NA,NA,NA,NA,NA,NA,NA,NA,NA,NA
"HAYDEN (D AZ)",0,0,0,0,0,0,1,0,0,0,0,0,0,0,0,0,0,0,1,1,1,1,1,0,1,1,NA,1,0,1,0,1,0,NA,0,0,0,1,1,1,0,1,0,1,0,0,0,0,1,0,1,0,1,NA,1,0,1,0,1,0,1,0,0,1,1,0,0,0,0,0,1,0,1,0,NA,NA,1,0,1,0,0,0,1,1,1,NA,1,1,1,0,1,1,1,0,0,1,0,1,0,1,1,0,0,1,0,1,1,1,1,0,1,1,1,1,1,0,1,0,1,0,1,1,1,1,NA,1,0,1,0,1,0,0,1,0,1,0,0,1,1,1,1,1,NA,1,1,1,0,1,1,1,0,1,1,1,1,0,0,0,1,1,0,1,1,0,0,0,0,1,0,1,0,0,1,1,1,1,0,1,0,1,1,NA,NA,NA,NA,NA,NA,NA,0,NA,NA,NA
"CARAWAY (D AR)",0,0,0,0,0,0,1,0,0,0,0,0,0,0,0,0,0,0,1,1,1,1,1,0,1,1,0,0,0,1,NA,1,0,0,0,0,0,1,1,1,1,1,0,1,1,1,0,0,1,1,NA,0,1,NA,1,0,1,0,1,0,1,NA,NA,1,1,0,0,0,0,0,1,0,1,0,1,1,1,0,1,0,0,0,1,1,1,1,1,1,1,1,0,0,0,1,0,0,0,1,0,1,1,1,0,1,0,0,1,NA,1,0,0,1,1,1,0,0,1,1,1,1,1,1,1,1,0,0,0,1,0,1,0,0,1,0,1,0,0,1,1,1,1,1,NA,NA,NA,NA,NA,1,1,1,0,1,1,1,1,0,NA,0,NA,0,1,1,1,0,0,0,0,1,0,1,0,0,1,1,1,0,0,1,0,1,1,1,0,0,0,0,1,1,0,0,1,0
"MILLER (D AR)",0,0,0,0,0,0,1,0,0,0,0,0,0,0,0,0,0,0,1,NA,1,NA,NA,NA,NA,NA,NA,NA,NA,NA,NA,NA,NA,NA,NA,NA,NA,NA,NA,NA,NA,NA,NA,NA,NA,NA,NA,NA,NA,NA,NA,NA,NA,NA,NA,NA,NA,NA,NA,NA,NA,NA,NA,NA,NA,NA,NA,NA,NA,NA,NA,NA,NA,NA,NA,NA,NA,NA,NA,NA,NA,NA,NA,NA,NA,NA,NA,NA,NA,NA,NA,NA,NA,NA,NA,NA,NA,NA,NA,NA,NA,NA,NA,NA,NA,NA,NA,NA,NA,NA,NA,NA,NA,NA,NA,NA,NA,NA,NA,NA,NA,NA,NA,NA,NA,NA,NA,NA,NA,NA,NA,NA,NA,NA,NA,NA,NA,NA,NA,NA,NA,NA,NA,NA,NA,NA,NA,NA,NA,NA,NA,NA,NA,NA,NA,NA,NA,NA,NA,NA,NA,NA,NA,NA,NA,NA,NA,NA,NA,NA,NA,NA,NA,NA,NA,NA,NA,NA,NA,NA,NA,NA,NA,NA,NA,NA,NA,NA,NA,NA,NA,NA
"SPENCER (D AR)",NA,NA,NA,NA,NA,NA,NA,NA,NA,NA,NA,NA,NA,NA,NA,NA,NA,NA,NA,NA,NA,NA,NA,0,1,1,1,1,0,1,0,1,0,0,0,0,0,1,1,0,1,1,0,1,0,0,0,0,NA,NA,NA,0,1,NA,NA,NA,NA,0,1,0,NA,NA,NA,1,1,0,NA,NA,NA,NA,1,0,1,0,1,NA,1,0,1,0,0,0,1,1,1,1,1,1,1,1,0,0,0,0,0,0,0,1,0,1,1,1,0,1,NA,NA,NA,NA,1,NA,1,NA,1,1,0,NA,1,NA,0,0,1,1,NA,NA,1,1,1,0,0,1,0,0,0,0,1,0,0,1,1,1,1,1,1,NA,NA,NA,NA,0,0,1,0,1,1,1,1,0,NA,0,NA,NA,1,1,1,0,0,1,0,1,0,1,1,0,1,1,0,1,1,1,0,0,1,0,0,0,0,0,NA,NA,0,0,1,NA
"DOWNEY (D CA)",0,0,0,0,0,0,1,0,NA,0,0,0,0,0,0,0,0,0,1,1,1,NA,NA,NA,1,1,NA,NA,0,1,1,1,NA,NA,NA,0,NA,1,NA,1,0,1,1,1,1,1,1,1,1,1,1,0,1,NA,NA,NA,NA,1,1,NA,0,1,1,0,0,NA,NA,NA,NA,NA,0,1,1,1,1,1,1,0,NA,0,0,0,1,1,1,1,1,1,1,1,NA,NA,NA,0,1,1,1,0,0,1,NA,NA,NA,1,NA,NA,NA,NA,NA,NA,1,NA,1,1,1,0,1,NA,NA,NA,1,1,1,NA,NA,NA,0,1,1,NA,NA,NA,NA,NA,NA,NA,NA,1,1,1,1,1,NA,1,1,1,1,1,1,1,0,1,1,1,1,0,0,1,1,NA,0,1,1,0,0,0,0,1,1,0,0,1,1,NA,1,1,1,1,NA,0,1,NA,NA,NA,NA,NA,NA,NA,1,NA,NA,NA
"JOHNSON (R CA)",1,0,1,1,1,1,0,1,1,1,1,1,NA,1,1,1,1,1,0,NA,0,NA,NA,NA,1,1,NA,0,1,1,1,0,NA,NA,NA,NA,NA,NA,0,1,1,1,1,1,NA,NA,NA,NA,NA,NA,1,1,0,NA,0,NA,NA,0,1,0,0,1,1,0,0,0,NA,NA,1,NA,NA,NA,NA,NA,NA,NA,NA,NA,0,1,1,0,0,0,1,NA,1,1,NA,0,1,1,1,1,1,1,1,0,0,1,NA,NA,1,NA,NA,NA,NA,0,0,1,1,0,1,NA,0,0,1,1,0,0,1,1,NA,0,1,1,1,0,0,0,NA,NA,NA,1,0,NA,NA,1,1,1,1,1,0,NA,NA,NA,NA,0,0,0,0,1,1,NA,0,1,1,1,1,NA,0,1,0,NA,NA,NA,NA,NA,0,1,1,0,1,1,0,1,1,1,1,0,0,0,0,0,0,0,NA,NA,0,1,0,1
"JOHNSON (D CO)",0,1,1,1,1,1,1,1,1,1,0,0,1,1,1,0,0,1,0,0,1,0,0,NA,1,1,NA,0,1,1,1,1,0,0,0,0,0,1,1,1,0,1,1,1,1,0,0,1,0,1,1,0,1,1,NA,1,1,0,1,0,0,1,1,0,0,1,1,1,0,0,1,0,0,0,1,1,1,0,1,1,1,0,0,0,1,1,1,1,1,0,1,0,1,0,0,0,0,1,0,1,1,1,0,1,0,1,0,1,1,1,1,1,1,1,1,0,1,1,0,0,1,1,1,0,1,0,0,0,0,0,NA,NA,1,NA,NA,NA,NA,1,1,1,NA,1,1,NA,NA,NA,NA,NA,NA,NA,0,1,NA,NA,NA,NA,0,1,1,0,1,0,1,1,0,1,0,1,0,1,1,1,1,1,NA,NA,NA,NA,NA,NA,NA,NA,NA,NA,NA,NA,NA,NA,1,0,1,0
"ADAMS (D CO)",0,1,1,1,1,0,0,0,0,1,0,0,0,1,0,1,1,1,0,0,1,0,0,0,1,1,1,0,1,1,1,1,1,0,0,1,0,1,1,1,0,1,1,0,1,1,1,1,0,0,1,1,0,1,0,1,1,0,1,1,0,0,0,0,0,0,0,0,0,0,0,0,1,0,0,0,1,0,1,1,1,0,0,0,NA,NA,NA,NA,NA,NA,NA,NA,NA,NA,NA,NA,NA,NA,NA,NA,NA,NA,NA,NA,NA,NA,NA,NA,NA,NA,NA,NA,NA,NA,NA,NA,NA,NA,NA,NA,NA,NA,NA,NA,NA,NA,NA,NA,NA,NA,NA,NA,NA,NA,NA,NA,NA,NA,NA,NA,NA,NA,NA,NA,NA,NA,NA,NA,NA,NA,NA,NA,NA,NA,NA,NA,NA,NA,NA,NA,NA,NA,NA,NA,NA,NA,NA,NA,NA,NA,NA,NA,NA,NA,NA,NA,NA,NA,NA,NA,NA,NA,NA,NA,NA,NA,NA,NA,NA,NA,NA,NA
"MILLIKEN (R CO)",NA,NA,NA,NA,NA,NA,NA,NA,NA,NA,NA,NA,NA,NA,NA,NA,NA,NA,NA,NA,NA,NA,NA,NA,NA,NA,NA,NA,NA,NA,NA,NA,NA,NA,NA,NA,NA,NA,NA,NA,NA,NA,NA,NA,NA,NA,NA,NA,NA,NA,NA,NA,NA,NA,NA,NA,NA,NA,NA,NA,NA,NA,NA,NA,NA,NA,NA,NA,NA,NA,NA,NA,NA,NA,NA,NA,NA,NA,NA,NA,NA,NA,NA,NA,NA,NA,NA,NA,NA,NA,NA,NA,NA,NA,NA,NA,NA,NA,0,1,1,1,1,1,0,1,0,0,1,1,1,1,1,1,0,0,1,1,0,0,1,1,1,1,1,1,0,1,0,0,0,1,0,1,0,0,1,1,1,1,1,1,0,0,1,1,0,0,0,0,1,0,NA,NA,NA,NA,NA,NA,1,NA,NA,1,1,0,1,0,0,1,0,1,1,0,1,1,NA,NA,NA,NA,NA,NA,NA,0,1,1,1,1,0,0,1,1,0,0
"MALONEY (D CT)",0,0,0,0,0,1,NA,0,0,0,0,0,0,0,1,1,0,0,1,1,1,1,1,0,1,1,1,1,1,1,0,1,1,0,0,1,1,1,1,1,1,1,1,1,1,1,1,1,0,0,1,0,1,1,0,1,1,1,0,1,1,1,1,1,1,1,1,1,1,1,1,0,NA,1,0,0,1,0,1,1,1,0,0,0,1,NA,1,1,1,1,1,1,1,1,1,1,1,1,1,0,0,1,0,1,1,0,1,0,1,1,1,1,1,1,0,1,0,1,0,1,1,1,NA,NA,1,1,1,0,0,0,1,1,NA,0,1,0,0,1,1,1,0,1,NA,1,1,1,0,0,0,NA,NA,NA,1,0,1,1,1,1,1,0,1,0,1,1,0,0,1,1,0,0,0,0,0,1,0,1,1,0,0,0,1,0,1,1,1,1,NA,NA,1,1,0,0
"DANAHER (R CT)",1,1,1,1,1,1,0,1,1,1,1,1,1,1,1,1,0,1,0,0,1,0,0,1,0,1,0,0,1,0,1,0,1,1,1,1,1,0,0,1,0,1,1,0,1,1,0,1,0,1,1,1,0,1,NA,1,1,1,0,0,0,0,1,0,0,1,1,1,1,1,0,0,1,1,0,0,1,1,0,0,1,0,0,0,1,1,1,1,1,1,1,1,1,1,1,1,1,1,1,0,0,1,0,1,1,1,0,0,1,1,1,1,1,1,0,1,0,0,0,0,1,1,0,1,0,1,1,0,0,0,1,1,1,0,1,1,0,1,1,1,NA,NA,NA,NA,NA,NA,NA,NA,NA,1,1,0,0,0,0,1,1,1,1,0,0,0,1,1,0,0,1,1,0,0,1,0,0,1,0,1,1,1,1,0,1,0,1,1,1,1,NA,NA,1,1,0,0
"TUNNELL (D DE)",0,0,0,0,0,0,1,0,0,0,0,0,0,0,0,0,0,0,1,NA,1,1,1,0,1,1,0,1,0,1,0,1,0,0,0,0,0,1,1,0,1,1,0,1,1,0,0,0,1,1,1,0,1,1,1,0,1,1,0,1,1,0,0,1,1,0,0,0,0,0,0,0,1,0,0,0,1,0,1,0,0,0,1,1,1,1,1,1,1,1,1,1,1,1,1,1,1,1,1,0,0,0,0,1,0,0,1,1,1,0,1,1,1,1,NA,1,1,0,1,1,1,1,1,NA,1,0,0,1,0,1,0,0,1,1,0,1,1,1,1,1,0,1,0,0,1,1,0,0,NA,1,1,0,NA,NA,1,1,0,1,1,1,NA,0,1,0,0,0,0,1,0,1,0,0,1,1,NA,1,0,1,1,1,1,NA,1,1,1,1,0,1,1,0,1,1
"HUGHES (D DE)",0,0,0,0,0,0,1,0,0,0,0,0,0,0,0,0,0,0,1,1,1,1,1,0,1,1,0,1,0,1,0,1,1,0,0,0,0,1,1,0,NA,1,NA,1,NA,NA,NA,NA,1,1,1,0,1,NA,1,1,0,0,0,1,1,1,1,1,1,0,0,0,0,0,0,0,0,0,0,0,1,0,1,0,0,0,1,1,1,1,1,1,1,1,0,0,0,1,0,0,0,NA,1,0,1,1,0,1,NA,0,1,1,1,NA,1,1,1,1,0,0,1,1,1,0,1,1,1,NA,0,0,1,NA,0,1,1,0,1,1,0,1,1,1,1,1,1,1,NA,0,NA,1,0,0,0,NA,NA,NA,NA,NA,1,NA,NA,NA,NA,NA,NA,NA,1,NA,NA,NA,NA,1,NA,NA,NA,NA,NA,1,NA,NA,NA,NA,NA,NA,1,NA,NA,NA,NA,NA,NA,NA,NA,0,1,NA
"PEPPER (D FL)",0,0,0,0,0,0,1,0,0,0,0,0,0,0,0,0,0,0,1,NA,1,1,1,1,1,1,0,0,0,1,0,1,NA,0,0,0,0,1,1,1,1,1,0,1,1,1,1,1,1,1,1,0,1,1,1,0,1,0,0,0,0,1,1,1,1,0,NA,0,0,0,NA,NA,NA,NA,NA,NA,1,0,1,0,0,0,1,1,1,0,1,1,1,1,0,0,0,0,0,0,0,1,NA,NA,1,0,0,1,0,0,1,NA,1,NA,1,NA,NA,1,NA,NA,NA,NA,1,0,1,1,1,0,0,0,NA,NA,1,1,0,0,1,0,1,1,0,1,1,1,1,1,0,1,1,1,1,1,1,1,0,1,0,1,0,0,1,1,1,1,1,0,1,NA,0,0,0,1,1,0,0,1,NA,1,1,1,0,1,0,1,1,0,1,1,1,1,0,0,1,0,1,1
"ANDREWS (D FL)",0,0,0,0,0,0,1,0,0,0,0,0,0,0,0,0,0,0,1,1,1,1,1,0,1,1,0,0,1,1,0,1,NA,NA,NA,NA,NA,1,1,1,1,1,0,1,1,1,1,1,1,1,1,0,1,0,1,0,1,0,1,0,1,0,0,1,1,0,0,0,0,0,1,0,1,0,1,1,1,0,1,0,0,0,1,1,1,NA,1,1,1,NA,NA,NA,NA,NA,NA,NA,NA,1,0,1,NA,NA,NA,1,NA,NA,NA,1,1,0,0,1,NA,1,NA,NA,NA,NA,1,1,1,1,1,NA,1,1,1,1,0,1,0,0,1,1,1,0,0,1,1,1,1,1,0,1,1,1,1,1,1,1,0,1,1,1,1,0,0,0,1,0,1,1,1,0,0,0,0,1,NA,NA,NA,NA,NA,1,1,0,1,1,1,1,1,1,NA,0,0,0,1,1,0,0,1,NA
"RUSSELL (D GA)",0,0,0,0,1,0,1,0,1,0,0,0,0,0,0,0,0,0,1,NA,1,1,1,0,1,1,1,NA,0,1,0,1,1,NA,NA,NA,0,1,1,0,NA,1,NA,NA,NA,NA,NA,NA,0,0,1,0,1,1,NA,0,1,0,1,1,NA,NA,NA,1,1,NA,NA,NA,NA,NA,0,1,1,NA,NA,1,1,0,1,0,0,0,1,1,1,NA,1,1,1,1,1,1,1,0,0,1,0,1,0,1,1,1,0,1,NA,0,1,1,0,0,1,1,1,1,NA,0,1,1,1,0,1,1,1,0,1,1,0,0,0,1,0,0,1,0,1,0,0,1,1,1,1,1,0,1,1,1,0,1,1,1,0,1,0,1,0,0,0,0,0,NA,NA,1,1,0,0,1,0,1,NA,NA,NA,NA,NA,NA,1,0,1,1,NA,NA,1,1,0,0,0,0,1,1,0,0,1,0
"GEORGE (D GA)",0,0,0,0,0,0,1,0,0,0,0,0,0,0,0,0,0,0,1,NA,1,1,1,0,1,1,1,0,1,1,0,1,1,NA,0,0,0,1,1,0,1,1,0,1,0,0,0,0,0,0,1,0,1,NA,1,0,1,0,1,0,1,0,0,1,1,0,0,0,NA,0,1,0,0,0,0,0,1,NA,1,0,0,0,1,1,1,1,1,1,1,0,0,0,0,1,1,1,1,1,0,1,1,1,1,1,NA,0,1,NA,1,0,1,1,1,1,0,0,1,NA,1,1,1,1,1,1,1,1,0,0,0,NA,NA,1,NA,1,0,0,NA,1,1,1,0,1,1,0,1,NA,NA,0,0,NA,NA,NA,1,1,1,0,0,0,0,NA,0,1,1,0,0,1,0,1,0,0,1,0,0,1,NA,0,1,1,0,0,1,1,0,0,0,0,1,1,0,0,1,NA
"THOMAS (R ID)",1,1,1,1,1,1,0,1,1,1,1,1,1,1,1,1,1,1,0,0,0,0,0,1,1,NA,NA,0,1,1,1,1,NA,NA,NA,NA,NA,NA,0,1,1,1,1,1,1,0,0,1,0,NA,1,1,0,NA,NA,1,1,1,1,1,0,1,1,0,0,1,1,1,0,0,0,0,1,1,1,NA,1,1,1,1,1,0,0,0,1,NA,1,1,1,0,1,1,1,1,0,0,NA,1,0,1,1,1,1,1,NA,NA,NA,0,0,0,1,0,1,1,0,0,1,0,0,0,1,1,1,1,1,1,0,1,0,NA,0,0,1,0,1,0,1,1,1,1,1,1,0,1,1,1,0,0,0,0,1,1,0,1,0,1,1,1,1,NA,0,1,1,0,1,0,1,1,0,1,1,0,1,1,0,0,1,1,1,0,1,NA,1,1,1,1,NA,NA,0,1,0,NA
"CLARK (D ID)",0,1,1,0,0,1,0,1,1,1,1,NA,NA,1,NA,1,1,0,0,0,0,0,0,0,1,1,NA,0,1,1,1,0,NA,0,0,0,0,1,0,1,0,1,1,0,1,1,1,0,NA,NA,NA,NA,NA,NA,NA,NA,NA,1,1,1,1,1,1,0,NA,NA,NA,NA,0,0,NA,1,1,1,1,NA,0,NA,0,1,1,0,0,0,1,NA,1,1,1,NA,1,1,1,1,0,0,0,1,1,1,1,1,0,1,NA,NA,NA,0,1,NA,1,NA,0,1,1,0,1,NA,0,0,1,1,1,1,NA,0,NA,NA,0,NA,0,NA,NA,0,1,NA,0,1,1,1,1,1,0,NA,NA,NA,NA,1,1,1,0,1,1,NA,1,0,0,0,1,NA,0,1,1,0,0,0,0,1,NA,0,NA,NA,NA,1,NA,1,1,1,1,0,0,NA,1,NA,1,NA,NA,NA,0,NA,NA,NA
"LUCAS (D IL)",0,0,1,1,1,0,1,0,0,0,0,0,0,0,1,0,0,0,1,1,1,1,NA,0,1,1,NA,0,0,1,0,1,NA,NA,NA,NA,NA,NA,NA,0,1,1,0,1,1,1,1,1,NA,NA,NA,0,1,0,NA,NA,NA,0,1,0,1,0,0,1,1,NA,NA,NA,NA,NA,1,0,1,0,0,0,1,NA,1,0,0,0,1,1,1,1,1,1,1,1,0,0,0,1,0,0,0,1,1,0,0,1,0,1,NA,1,0,1,1,0,1,0,1,1,0,NA,NA,NA,1,1,1,1,0,1,1,0,NA,NA,NA,1,NA,0,1,1,1,0,0,1,1,1,1,1,1,0,1,1,1,1,1,1,NA,NA,0,0,0,0,NA,NA,NA,1,0,0,1,1,0,0,0,1,0,1,0,0,0,1,NA,1,1,1,0,1,1,0,1,1,NA,1,NA,NA,0,0,1,NA
"BROOKS (R IL)",1,0,1,1,1,1,0,1,1,1,1,1,1,1,1,1,1,1,0,0,1,0,0,0,1,NA,NA,0,1,1,1,0,1,1,1,1,1,0,0,1,1,1,1,1,1,1,NA,NA,NA,NA,NA,1,0,NA,1,NA,NA,1,1,0,0,1,1,0,NA,NA,NA,NA,NA,NA,0,0,1,1,1,1,1,1,1,1,1,0,0,0,1,NA,1,1,1,1,1,1,1,1,1,1,1,1,0,1,1,1,1,1,NA,NA,NA,0,1,NA,NA,NA,1,1,NA,NA,NA,NA,0,0,1,1,1,1,NA,1,1,1,0,1,0,1,0,1,0,0,1,1,1,1,1,1,0,0,NA,NA,NA,0,0,NA,1,0,0,1,0,1,1,1,1,NA,0,1,1,0,0,0,0,1,0,1,1,0,0,1,NA,NA,1,1,NA,NA,1,NA,1,1,1,1,NA,NA,1,1,0,0
"WILLIS (R IN)",1,1,1,1,1,1,1,1,1,1,1,1,1,1,1,1,1,1,0,0,1,0,0,1,1,NA,NA,0,1,1,1,0,NA,NA,NA,NA,NA,NA,0,1,1,1,1,1,NA,NA,NA,NA,NA,NA,NA,1,0,NA,0,1,0,1,1,0,0,NA,NA,0,0,NA,NA,NA,NA,NA,NA,NA,NA,NA,NA,NA,NA,1,NA,1,1,0,0,0,1,1,1,1,1,0,1,1,1,1,1,1,1,1,0,1,1,1,1,1,1,1,0,0,0,1,1,0,1,1,NA,0,1,NA,0,0,1,1,1,1,1,1,0,1,0,0,NA,1,0,1,0,0,1,1,1,1,1,1,NA,1,1,1,1,0,0,0,1,0,0,1,0,1,1,NA,1,0,0,1,1,1,1,0,1,1,0,1,1,NA,NA,1,0,NA,1,1,1,0,1,0,1,1,1,1,0,0,1,1,0,0
"VANNUYS (D IN)",0,0,0,0,0,0,1,0,0,0,0,0,0,0,0,0,0,0,1,NA,1,0,1,0,1,1,1,1,0,1,0,1,0,0,0,0,0,1,1,1,1,1,0,1,1,1,1,1,0,0,1,1,1,1,0,NA,NA,0,1,0,0,1,1,0,0,0,NA,NA,0,0,1,0,0,0,NA,0,1,0,1,1,1,0,0,0,1,1,1,1,1,1,0,0,0,1,0,0,0,1,0,1,1,1,0,1,1,NA,NA,NA,1,0,1,1,1,1,0,1,0,1,1,0,1,1,1,1,1,1,NA,NA,0,1,0,NA,NA,1,1,0,0,1,1,1,1,1,0,1,1,1,NA,NA,NA,0,NA,NA,1,1,1,1,0,0,1,1,0,1,1,NA,0,0,0,1,0,1,1,0,1,1,0,1,1,1,1,1,1,0,1,1,1,1,0,0,1,0,1,0
"HERRING (D IA)",0,0,0,0,0,0,1,0,0,0,0,0,0,0,NA,NA,0,0,1,NA,1,NA,NA,NA,1,1,NA,0,0,1,0,1,NA,0,0,0,NA,1,1,1,1,1,0,1,1,1,1,1,NA,0,1,0,1,0,1,NA,NA,NA,NA,NA,1,NA,NA,1,1,NA,NA,NA,1,1,1,0,0,0,0,NA,1,NA,1,0,0,1,1,1,1,1,1,1,1,1,1,1,1,0,1,1,1,1,0,1,1,1,NA,1,NA,NA,NA,1,1,0,1,1,1,1,0,0,1,1,0,0,1,1,1,1,NA,1,1,0,0,1,NA,0,NA,1,0,NA,NA,1,1,1,1,1,NA,NA,NA,NA,NA,0,0,0,1,0,NA,NA,1,NA,0,0,1,0,NA,0,1,1,0,NA,0,1,0,0,1,0,0,1,NA,NA,NA,NA,NA,NA,NA,0,1,1,1,1,0,0,1,1,0,0
"GILLETTE (D IA)",0,0,1,1,1,0,0,0,0,1,0,NA,NA,1,1,1,1,1,0,0,1,0,1,0,1,1,1,1,1,1,1,1,NA,NA,NA,NA,NA,NA,1,1,1,1,0,1,NA,NA,NA,NA,NA,NA,NA,0,1,NA,NA,0,1,1,0,1,NA,0,0,0,0,1,NA,NA,NA,NA,NA,NA,NA,1,0,0,1,NA,1,1,1,0,0,0,1,NA,1,1,1,0,1,1,1,0,0,0,0,1,NA,NA,1,1,0,1,0,NA,1,1,0,0,1,1,1,1,0,0,1,NA,1,0,1,1,NA,NA,1,1,NA,1,0,1,0,0,NA,1,0,0,1,1,1,1,1,1,NA,NA,NA,NA,NA,NA,NA,1,1,0,1,1,1,0,NA,NA,NA,NA,0,1,1,NA,0,0,0,1,0,1,1,0,0,NA,1,0,1,1,0,0,0,0,0,0,1,0,0,NA,0,0,1,0
"CAPPER (R KS)",1,1,1,1,1,1,0,1,1,1,1,1,1,1,1,1,1,1,0,0,1,0,0,1,1,1,0,0,1,1,1,0,0,NA,1,1,1,0,0,1,1,1,1,1,1,0,0,1,1,0,1,1,0,1,NA,1,0,1,0,0,0,1,1,0,0,1,1,1,1,NA,0,1,0,1,NA,1,1,1,1,1,1,0,0,0,1,0,1,1,1,0,0,0,0,1,1,1,1,1,0,1,1,1,0,1,0,1,1,0,0,1,1,0,1,1,0,0,1,0,0,0,1,1,1,0,1,1,1,1,0,1,0,0,1,1,1,1,0,1,1,1,1,1,0,1,1,1,0,0,0,0,0,1,NA,NA,0,1,1,1,1,0,1,1,1,0,0,0,0,1,0,0,1,0,1,1,0,0,1,1,1,0,1,1,1,1,1,1,0,0,1,1,0,0
"REED (R KS)",1,1,1,1,1,1,NA,1,NA,1,1,1,1,1,1,1,1,1,0,NA,1,0,0,NA,1,NA,NA,0,1,1,1,NA,NA,1,1,1,1,0,NA,1,NA,NA,NA,1,NA,NA,NA,NA,NA,NA,NA,1,0,NA,NA,NA,NA,1,NA,NA,0,NA,NA,1,1,NA,NA,NA,NA,NA,NA,NA,NA,NA,NA,NA,1,NA,1,1,1,0,0,0,1,1,1,1,1,NA,NA,1,1,NA,1,0,NA,1,0,1,1,1,1,1,0,NA,NA,NA,1,NA,1,0,1,1,NA,0,1,NA,1,1,1,1,0,1,1,1,NA,NA,NA,NA,NA,NA,NA,NA,1,NA,NA,1,1,1,0,1,NA,1,1,NA,NA,0,0,0,0,1,NA,1,NA,1,1,1,1,NA,0,0,1,1,NA,NA,NA,1,NA,0,1,0,0,1,0,NA,1,1,1,0,1,1,1,1,1,1,0,0,1,1,0,NA
"CHANDLER (D KY)",0,0,0,0,0,0,1,0,0,0,0,0,0,0,0,0,0,0,1,1,1,1,1,0,1,1,1,0,1,1,0,1,1,0,0,0,0,1,NA,NA,1,1,0,1,1,1,1,0,NA,0,1,0,1,NA,1,NA,NA,0,1,1,1,0,0,1,1,NA,NA,NA,NA,NA,1,0,NA,NA,NA,NA,1,0,1,0,0,0,1,1,1,1,1,1,1,1,1,1,1,0,0,0,0,1,1,0,0,1,0,1,0,1,0,1,1,0,1,1,1,1,NA,NA,NA,1,1,1,1,1,1,1,1,0,0,1,0,1,0,NA,1,0,1,0,0,1,1,1,1,1,1,NA,NA,NA,NA,NA,NA,1,0,1,1,1,1,0,NA,NA,1,NA,1,0,1,0,0,0,0,1,0,0,0,0,1,1,1,1,0,1,NA,NA,1,0,1,1,1,1,0,0,0,0,1,NA
"BARKLEY (D KY)",0,0,0,0,0,0,1,0,0,0,0,0,0,0,0,0,0,0,1,1,1,1,1,0,1,1,1,1,0,1,0,1,0,0,0,0,0,1,1,0,NA,NA,NA,NA,NA,NA,NA,NA,NA,NA,NA,0,1,NA,1,0,1,0,0,0,1,0,0,1,1,0,0,0,0,0,1,0,1,0,0,0,1,0,1,0,0,0,1,1,1,0,1,1,1,1,NA,NA,NA,1,0,0,0,1,1,0,0,0,0,1,0,NA,NA,1,1,0,1,1,1,1,0,1,0,1,1,1,1,1,1,1,0,0,0,1,0,1,0,0,1,0,1,0,0,1,1,1,0,1,NA,NA,NA,NA,NA,1,1,1,0,1,1,1,1,0,0,0,1,1,1,0,1,0,0,0,0,1,0,0,0,1,1,1,1,1,0,1,0,1,1,0,1,1,1,1,0,0,1,0,1,1
"OVERTON (D LA)",0,0,0,0,0,0,1,0,0,0,0,0,0,0,0,0,0,0,1,1,1,NA,NA,0,1,1,NA,1,0,1,0,1,NA,NA,0,0,0,1,1,1,1,1,0,1,1,0,1,1,0,NA,1,0,1,1,0,0,NA,0,0,NA,1,0,0,1,1,NA,NA,NA,NA,NA,1,0,1,0,1,1,1,0,1,0,0,0,1,1,1,1,1,1,1,1,0,0,0,1,0,0,0,1,0,1,1,1,0,1,1,NA,NA,1,1,0,1,1,1,1,0,0,1,0,0,0,1,1,1,1,NA,1,NA,0,NA,1,NA,0,1,0,1,0,0,1,1,1,0,1,0,NA,NA,NA,NA,0,0,NA,0,1,NA,NA,NA,0,NA,NA,NA,1,NA,1,1,0,0,0,0,1,0,1,0,0,0,1,1,1,0,1,0,1,1,0,0,0,0,0,1,1,0,0,1,NA
"ELLENDER (D LA)",0,0,0,0,0,0,1,0,0,0,0,0,0,0,0,0,0,0,1,1,1,1,1,0,1,1,0,0,0,1,0,1,0,0,0,NA,0,1,1,1,0,1,0,1,0,0,0,0,0,1,1,0,1,1,NA,NA,NA,0,1,0,1,0,0,1,1,NA,NA,NA,NA,NA,1,0,1,0,1,1,1,0,1,0,0,0,1,1,1,1,1,1,1,1,0,0,0,1,0,0,0,1,1,0,1,1,0,1,0,1,0,1,1,0,1,1,1,1,1,0,1,0,0,0,1,1,1,NA,1,0,NA,NA,NA,1,NA,0,1,0,1,1,0,1,1,1,1,1,0,1,1,1,NA,1,1,1,0,1,1,1,1,0,NA,NA,NA,NA,NA,1,1,0,0,0,0,1,0,1,0,0,1,1,1,1,1,1,0,1,1,NA,0,0,0,0,1,1,0,0,1,0
"BREWSTER (R ME)",1,0,0,1,1,1,1,1,0,1,1,1,1,1,1,0,1,1,1,0,1,0,0,NA,NA,NA,NA,1,1,1,1,1,NA,NA,NA,NA,NA,NA,0,0,1,1,1,1,1,1,0,1,0,NA,NA,1,0,1,NA,1,0,1,1,1,1,0,0,1,1,0,1,1,NA,NA,1,0,0,1,1,1,1,1,1,1,1,0,0,0,1,1,1,1,1,1,1,1,1,1,0,0,1,1,1,0,1,1,0,1,1,1,0,0,1,1,1,0,1,NA,0,1,0,0,0,0,1,1,1,1,NA,1,NA,NA,NA,NA,NA,1,1,0,1,NA,NA,1,1,1,1,1,1,NA,NA,NA,NA,NA,NA,0,NA,NA,NA,NA,0,1,1,1,1,NA,NA,1,1,1,NA,NA,NA,1,0,1,1,0,0,1,0,1,0,1,1,0,1,0,1,1,1,1,0,0,1,1,0,NA
"WHITE (R ME)",1,0,0,1,1,0,1,1,0,1,1,0,1,0,0,0,0,0,1,NA,1,NA,NA,NA,NA,NA,NA,0,1,NA,1,1,NA,NA,NA,NA,NA,NA,0,0,1,1,1,1,1,1,0,0,NA,NA,NA,1,0,1,NA,NA,NA,1,1,1,1,0,0,1,1,NA,NA,1,NA,NA,NA,NA,NA,NA,NA,NA,NA,NA,1,1,1,0,0,1,1,NA,1,1,1,NA,1,1,1,1,0,0,1,1,1,0,1,1,0,1,1,0,1,0,1,1,1,0,1,1,0,1,0,NA,0,0,NA,NA,1,1,NA,1,0,1,NA,NA,NA,1,NA,0,1,0,0,1,1,1,1,1,1,1,1,1,0,0,0,0,1,0,0,1,0,1,1,1,1,NA,NA,0,1,1,1,1,1,1,0,1,1,0,NA,1,NA,1,0,1,0,1,1,0,1,1,1,0,0,0,0,1,0,0
"RADCLIFFE (D MD)",0,0,0,0,0,0,1,0,0,0,0,0,0,0,0,0,0,0,1,NA,1,1,1,0,1,1,1,0,1,1,0,1,1,0,0,0,1,1,NA,0,1,1,NA,1,1,0,0,1,0,0,1,0,1,1,1,0,0,0,1,0,1,0,1,1,1,0,0,0,NA,NA,1,0,0,0,0,0,1,0,1,0,0,0,1,1,1,1,1,1,1,0,1,1,1,0,1,1,1,1,1,0,0,1,0,1,1,1,0,1,1,0,1,1,1,1,0,1,0,1,1,0,1,1,1,1,1,1,0,1,0,0,1,1,0,0,1,0,0,1,1,1,0,1,1,NA,NA,NA,NA,0,0,1,1,0,0,0,0,0,0,0,0,0,NA,0,1,0,0,0,0,1,0,1,1,0,0,1,NA,1,0,1,1,1,1,0,1,1,1,1,0,0,0,NA,1,0
"TYDINGS (D MD)",0,0,0,0,0,0,1,0,NA,0,1,0,0,1,0,1,0,0,1,1,1,1,1,NA,NA,NA,NA,0,1,1,NA,1,NA,NA,NA,NA,NA,NA,NA,0,1,1,1,1,0,0,0,0,0,NA,NA,1,0,NA,NA,1,0,0,1,1,0,0,1,0,1,0,NA,NA,NA,NA,1,0,0,0,0,0,1,NA,1,1,1,0,0,0,1,NA,1,1,1,0,NA,NA,NA,NA,0,1,0,1,1,0,0,1,0,1,1,NA,0,1,1,1,1,0,1,1,0,1,0,1,NA,NA,1,1,1,1,1,1,0,0,0,0,1,1,0,0,1,0,NA,1,1,1,0,1,NA,1,0,0,0,0,0,NA,NA,NA,1,0,1,1,1,0,1,NA,1,0,1,0,NA,NA,NA,1,0,0,1,NA,0,1,NA,1,0,1,0,0,1,0,NA,1,NA,NA,NA,1,0,0,0,NA
"LODGE (R MA)",1,1,1,1,1,1,1,1,1,1,1,1,1,1,1,1,1,1,1,0,1,0,0,0,0,1,1,0,1,1,1,1,1,1,1,1,NA,0,0,0,1,1,1,1,1,1,1,1,NA,NA,NA,1,0,1,1,1,0,1,NA,NA,NA,NA,NA,NA,NA,NA,NA,NA,NA,NA,0,NA,NA,1,0,0,1,NA,1,1,1,0,0,0,1,1,1,1,1,0,0,0,0,1,0,0,0,1,1,0,0,1,1,1,NA,1,0,0,1,NA,1,NA,1,1,NA,NA,NA,NA,NA,NA,1,1,1,NA,NA,NA,NA,NA,NA,NA,NA,1,0,NA,NA,NA,NA,1,1,1,NA,1,NA,NA,NA,NA,NA,NA,NA,0,NA,NA,NA,NA,0,NA,1,1,1,NA,NA,0,1,1,0,0,1,1,0,1,1,0,0,1,NA,1,0,NA,1,NA,1,NA,1,1,1,1,NA,NA,1,NA,NA,NA
"WALSH (D MA)",0,1,1,1,1,1,0,1,1,1,1,1,1,1,1,1,1,0,0,NA,1,NA,NA,NA,NA,NA,NA,0,1,1,1,0,0,0,1,1,1,1,NA,0,1,1,1,1,1,0,0,1,NA,NA,NA,0,1,NA,1,1,0,1,0,0,0,1,1,0,0,1,1,1,1,1,1,1,1,0,0,0,1,0,0,1,1,0,0,0,1,1,1,1,1,0,0,0,0,0,1,1,1,1,1,0,0,1,0,1,0,NA,NA,0,1,1,1,0,1,1,0,1,0,1,0,0,1,1,1,NA,1,1,NA,NA,0,0,1,1,0,0,1,0,0,1,1,1,1,1,NA,1,0,0,1,0,0,1,1,0,NA,NA,NA,NA,1,1,1,0,NA,0,1,1,0,0,0,1,0,1,1,0,0,1,0,1,1,0,0,0,1,NA,1,1,1,1,0,0,1,0,1,0
"VANDENBERG (R MI)",NA,1,1,1,1,1,0,1,1,1,1,1,1,1,1,1,1,1,0,0,1,0,0,0,NA,NA,NA,0,1,NA,1,0,1,1,1,1,1,0,0,1,1,1,1,1,NA,NA,NA,NA,0,0,1,1,0,NA,0,1,0,1,0,1,0,1,0,0,0,1,1,1,1,1,0,0,0,0,0,0,1,1,1,1,1,0,0,0,1,NA,1,1,1,0,1,1,1,1,1,1,1,1,1,0,0,1,1,1,1,1,0,0,1,1,1,0,1,1,0,1,0,NA,0,1,1,1,NA,NA,1,1,1,1,0,0,1,1,NA,0,1,0,0,1,1,1,0,1,1,1,1,NA,NA,NA,NA,0,1,0,0,0,0,1,1,1,1,0,0,0,1,1,1,1,1,1,0,0,1,0,0,1,0,1,0,1,1,1,1,0,1,1,1,1,0,0,1,1,0,0
"BROWN (D MI)",0,0,0,0,0,0,1,1,0,0,0,0,0,0,0,0,0,0,1,1,1,1,NA,NA,1,1,NA,1,0,1,1,1,0,0,0,0,NA,1,1,1,0,1,1,1,NA,NA,NA,NA,NA,NA,NA,0,1,0,1,NA,NA,1,1,1,1,1,0,0,0,NA,NA,NA,NA,NA,NA,NA,NA,0,0,0,1,1,1,0,0,0,1,1,1,0,1,1,1,1,1,1,1,0,0,0,0,1,1,0,0,0,0,1,0,1,1,1,1,0,1,1,1,1,0,1,0,1,0,0,1,1,0,1,1,0,1,0,0,1,0,1,1,0,1,0,0,1,1,1,1,1,1,1,1,1,1,1,1,NA,NA,NA,NA,NA,NA,NA,1,1,1,0,0,0,1,0,0,0,0,1,0,0,0,0,0,1,NA,NA,NA,NA,NA,NA,NA,NA,NA,NA,NA,NA,NA,NA,1,0,1,NA
"SHIPSTEAD (R MN)",1,0,1,1,1,1,0,1,1,1,1,1,1,1,1,1,1,1,0,0,0,0,0,1,1,1,0,0,1,1,1,0,0,1,1,1,1,0,0,1,0,1,1,1,1,1,0,0,1,NA,1,1,0,NA,0,1,1,1,1,0,0,1,1,0,0,1,1,1,0,0,NA,NA,NA,NA,NA,NA,NA,1,0,1,1,0,0,0,1,1,1,1,1,1,NA,1,0,NA,1,1,1,1,0,1,1,1,1,1,1,0,1,0,0,1,1,0,NA,1,NA,0,1,0,0,0,1,1,0,0,1,0,NA,NA,NA,NA,NA,NA,NA,NA,1,NA,NA,1,1,1,1,1,0,0,1,1,1,0,0,0,0,1,0,NA,0,NA,NA,NA,NA,0,NA,1,1,NA,0,0,1,1,1,0,1,0,0,1,0,1,1,1,1,NA,0,0,0,1,1,1,0,0,0,1,0,0
"BALL (R MN)",1,0,0,0,0,0,1,1,0,1,1,0,1,0,0,1,0,0,1,0,1,0,0,1,1,NA,1,0,1,1,0,1,NA,1,1,1,1,0,0,1,1,1,1,1,1,0,1,1,0,0,1,1,0,NA,NA,NA,NA,0,NA,0,1,NA,NA,1,1,0,NA,0,NA,NA,NA,NA,NA,NA,NA,NA,NA,1,1,0,0,1,1,1,1,0,1,1,1,0,1,1,1,1,0,0,0,1,1,0,1,1,0,1,1,NA,NA,0,1,1,1,0,1,1,0,0,1,1,1,1,1,1,0,1,1,0,0,1,0,0,1,1,1,0,1,0,1,1,1,1,NA,1,0,1,1,1,1,0,0,0,1,0,0,0,0,1,NA,NA,1,0,0,0,1,1,1,0,1,1,0,1,1,0,0,1,0,1,0,1,1,0,1,0,1,1,NA,NA,NA,NA,NA,NA,NA,NA
"NELSON (R MN)",NA,NA,NA,NA,NA,NA,NA,NA,NA,NA,NA,NA,NA,NA,NA,NA,NA,NA,NA,NA,NA,NA,NA,NA,NA,NA,NA,NA,NA,NA,NA,NA,NA,NA,NA,NA,NA,NA,NA,NA,NA,NA,NA,NA,NA,NA,NA,NA,NA,NA,NA,NA,NA,NA,NA,NA,NA,NA,NA,NA,NA,NA,NA,NA,NA,NA,NA,NA,NA,NA,NA,NA,NA,NA,NA,NA,NA,NA,NA,NA,NA,NA,NA,NA,NA,NA,NA,NA,NA,NA,NA,NA,NA,NA,NA,NA,NA,NA,NA,NA,NA,NA,NA,NA,NA,NA,NA,NA,NA,NA,NA,NA,NA,NA,NA,NA,NA,NA,NA,NA,NA,NA,NA,NA,NA,NA,NA,NA,NA,NA,NA,NA,NA,NA,NA,NA,NA,NA,NA,NA,NA,NA,NA,NA,NA,NA,NA,NA,NA,NA,NA,NA,NA,NA,NA,NA,NA,NA,NA,NA,NA,NA,NA,NA,NA,NA,NA,NA,NA,NA,NA,NA,NA,NA,NA,NA,NA,NA,NA,NA,NA,NA,NA,NA,1,1,0,0,1,1,0,NA
"BILBO (D MS)",0,0,0,0,0,0,1,0,NA,0,0,0,0,0,0,0,1,0,1,1,1,1,1,NA,1,1,1,1,0,1,0,1,NA,0,0,0,0,1,NA,NA,NA,NA,NA,1,NA,NA,NA,NA,NA,1,NA,0,1,NA,NA,NA,NA,NA,1,NA,NA,NA,NA,NA,NA,NA,NA,NA,NA,NA,1,0,0,NA,NA,1,1,0,1,1,1,0,0,0,1,1,1,1,1,1,0,0,0,NA,0,0,0,1,0,1,1,1,0,1,NA,0,1,1,1,0,1,1,1,1,1,0,1,0,1,0,1,1,1,NA,0,0,NA,0,0,1,0,0,1,1,0,1,0,1,1,1,1,1,0,0,1,1,0,1,1,1,0,1,1,1,1,0,NA,0,NA,NA,NA,1,1,0,0,0,0,1,0,1,0,0,1,1,1,0,1,1,NA,0,0,1,0,0,0,0,1,1,0,NA,NA,NA
"HARRISON (D MS)",NA,0,0,0,0,0,1,0,0,0,0,0,0,0,0,0,0,0,1,NA,1,1,1,NA,1,1,NA,1,NA,1,0,1,NA,NA,NA,NA,NA,NA,NA,0,1,1,NA,1,NA,NA,NA,0,0,NA,1,NA,NA,NA,NA,NA,NA,NA,NA,NA,NA,NA,NA,NA,NA,NA,NA,NA,NA,NA,NA,NA,NA,NA,NA,NA,NA,NA,NA,NA,NA,NA,NA,NA,NA,NA,NA,NA,NA,NA,NA,NA,NA,NA,NA,NA,NA,NA,NA,NA,NA,NA,NA,NA,NA,NA,NA,NA,NA,NA,NA,NA,NA,NA,NA,NA,NA,NA,NA,NA,NA,NA,NA,NA,NA,NA,NA,NA,NA,NA,NA,NA,NA,NA,NA,NA,NA,NA,NA,NA,NA,NA,NA,NA,NA,NA,NA,NA,NA,NA,NA,NA,NA,NA,NA,NA,NA,NA,NA,NA,NA,NA,NA,NA,NA,NA,NA,NA,NA,NA,NA,NA,NA,NA,NA,NA,NA,NA,NA,NA,NA,NA,NA,NA,NA,NA,NA,NA,NA,NA,NA,NA
"EASTLAND (D MS)",NA,NA,NA,NA,NA,NA,NA,NA,NA,NA,NA,NA,NA,NA,NA,NA,NA,NA,NA,NA,NA,NA,NA,NA,NA,NA,NA,NA,NA,NA,NA,NA,NA,NA,NA,NA,NA,NA,NA,NA,NA,NA,NA,NA,NA,NA,NA,NA,NA,NA,NA,NA,NA,0,1,1,1,0,1,0,1,1,1,1,1,0,0,0,0,0,1,0,0,1,1,1,1,NA,NA,NA,NA,NA,NA,NA,NA,NA,NA,NA,NA,NA,NA,NA,NA,NA,NA,NA,NA,NA,NA,NA,NA,NA,NA,NA,NA,NA,NA,NA,NA,NA,NA,NA,NA,NA,NA,NA,NA,NA,NA,NA,NA,NA,NA,NA,NA,NA,NA,NA,NA,NA,NA,NA,NA,NA,NA,NA,NA,NA,NA,NA,NA,NA,NA,NA,NA,NA,NA,NA,NA,NA,NA,NA,NA,NA,NA,NA,NA,NA,NA,NA,NA,NA,NA,NA,NA,NA,NA,NA,NA,NA,NA,NA,NA,NA,NA,NA,NA,NA,NA,NA,NA,NA,NA,NA,NA,NA,NA,NA,NA,NA,NA,NA
"DOXEY (D MS)",NA,NA,NA,NA,NA,NA,NA,NA,NA,NA,NA,NA,NA,NA,NA,NA,NA,NA,NA,NA,NA,NA,NA,NA,NA,NA,NA,NA,NA,NA,NA,NA,NA,NA,NA,NA,NA,NA,NA,NA,NA,NA,NA,NA,NA,NA,NA,NA,NA,NA,NA,NA,NA,NA,NA,NA,NA,NA,NA,NA,NA,NA,NA,NA,NA,NA,NA,NA,NA,NA,NA,NA,NA,NA,NA,NA,NA,0,1,0,0,0,1,1,1,1,1,1,1,0,NA,NA,NA,0,0,0,0,1,0,1,1,1,0,1,NA,0,1,1,1,0,1,1,1,1,1,0,1,1,1,1,1,1,1,0,1,0,0,1,0,1,0,0,1,0,1,1,0,1,1,1,1,1,0,1,1,1,0,1,1,1,0,1,NA,1,1,0,NA,0,NA,NA,NA,1,1,0,0,0,0,1,0,1,0,1,1,1,1,0,1,1,0,0,1,1,0,0,0,0,1,1,0,0,1,NA
"CLARK (D MO)",0,1,1,1,1,0,0,1,1,1,1,1,1,1,1,1,1,1,0,NA,0,NA,NA,NA,1,NA,NA,0,1,1,1,0,1,0,0,0,0,1,NA,1,0,1,0,1,1,0,1,1,NA,NA,NA,0,1,0,NA,NA,NA,1,1,0,0,1,1,0,0,1,1,1,0,0,0,1,0,NA,0,0,1,0,0,1,1,1,0,0,1,1,1,1,1,1,1,1,1,1,1,1,1,1,1,0,0,1,0,1,0,NA,NA,0,1,1,1,1,1,1,0,0,1,1,0,0,1,1,1,0,NA,1,1,0,0,0,0,1,0,1,0,0,1,1,1,1,1,1,NA,0,1,0,1,0,0,1,1,0,0,0,0,0,1,0,1,0,0,1,0,0,0,1,1,1,0,0,1,0,0,1,NA,1,1,1,1,NA,1,0,NA,NA,NA,NA,NA,NA,1,1,0,0
"TRUMAN (D MO)",0,0,0,0,0,0,1,0,0,0,0,0,0,0,0,0,0,0,1,1,1,1,1,0,1,1,NA,1,0,1,0,1,NA,NA,NA,NA,NA,NA,1,0,NA,1,NA,NA,NA,NA,NA,NA,1,0,1,0,1,NA,1,0,1,0,1,0,1,0,0,1,1,NA,0,0,0,0,NA,NA,NA,NA,0,0,1,0,1,0,0,1,1,1,1,NA,1,1,1,1,1,1,1,0,0,0,0,1,1,0,0,1,0,1,NA,0,1,1,1,0,1,1,1,1,0,1,0,NA,1,1,1,1,1,1,NA,NA,NA,NA,0,1,0,0,1,0,1,NA,0,1,1,1,0,1,0,1,1,1,1,1,1,NA,NA,NA,NA,NA,NA,0,0,0,1,0,1,0,1,NA,NA,NA,NA,1,0,0,1,0,1,1,NA,1,NA,1,NA,NA,1,0,1,1,1,1,0,0,1,0,1,0
"WHEELER (D MT)",0,1,1,1,1,1,0,1,NA,1,1,1,1,1,1,NA,1,1,0,0,0,0,0,0,1,1,0,0,1,1,1,0,0,NA,NA,1,NA,0,NA,1,0,1,NA,1,NA,NA,NA,NA,NA,NA,1,0,1,NA,1,1,NA,1,1,0,0,1,1,0,NA,NA,NA,NA,NA,NA,NA,NA,NA,NA,NA,NA,NA,NA,0,1,1,0,0,0,1,1,1,1,1,1,1,1,1,NA,1,1,1,1,0,1,1,NA,NA,NA,NA,0,1,0,1,NA,1,0,1,1,1,0,1,NA,0,0,1,1,1,NA,NA,0,0,1,0,0,0,1,1,0,1,1,1,1,1,1,1,1,1,1,1,1,0,0,0,NA,0,1,NA,NA,NA,NA,NA,NA,NA,NA,NA,1,1,NA,0,0,NA,1,1,0,1,0,1,1,NA,1,1,1,0,0,NA,0,NA,NA,1,1,NA,NA,0,1,0,0
"MURRAY (D MT)",0,0,0,0,0,0,1,0,0,0,0,0,1,0,0,0,0,0,1,1,1,1,1,1,1,1,0,1,0,1,0,1,0,0,0,0,0,1,1,1,0,1,NA,1,NA,NA,NA,NA,1,1,1,0,1,NA,NA,NA,NA,NA,1,NA,NA,NA,NA,NA,NA,NA,NA,NA,NA,NA,0,1,1,1,0,0,1,1,1,0,0,0,1,1,1,1,1,1,1,1,0,0,0,0,0,0,0,1,0,1,1,0,0,1,0,0,1,1,1,0,NA,1,1,1,1,0,1,1,1,1,1,1,1,1,0,0,0,NA,NA,1,NA,NA,1,NA,1,NA,NA,1,1,1,1,1,NA,NA,NA,NA,NA,1,1,1,0,1,NA,NA,NA,0,1,1,1,NA,NA,0,1,0,0,0,0,1,0,0,0,0,1,1,NA,1,NA,NA,NA,NA,NA,NA,NA,NA,NA,NA,NA,NA,1,0,1,0
"NORRIS (Indep NE)",NA,0,0,0,1,0,1,0,0,0,0,0,1,0,0,0,0,0,1,0,1,0,0,1,1,1,0,0,0,1,0,1,0,1,1,1,1,0,0,1,1,1,1,1,0,0,0,0,1,1,1,0,1,NA,0,NA,NA,NA,NA,NA,NA,NA,NA,NA,NA,NA,NA,NA,NA,NA,NA,NA,NA,NA,NA,NA,NA,0,1,0,0,0,1,1,1,0,1,1,1,0,0,0,0,1,1,1,1,1,1,0,0,0,0,1,0,1,0,1,1,0,1,1,1,1,0,0,1,1,0,0,1,1,1,NA,0,0,NA,NA,0,1,1,0,1,0,1,1,0,1,1,1,0,NA,0,1,1,1,NA,1,1,0,1,0,0,0,0,0,1,1,1,0,1,1,1,1,0,0,0,1,0,0,0,1,0,1,1,0,1,1,0,0,1,0,1,1,1,1,0,0,1,0,0,1
"BUTLER (R NE)",1,1,1,1,1,1,1,1,1,1,1,1,1,1,1,1,1,1,0,0,0,0,0,1,1,1,0,0,1,1,1,0,NA,1,1,1,1,0,0,1,1,1,1,1,1,0,0,1,NA,NA,1,1,0,1,0,NA,NA,NA,1,NA,NA,NA,NA,0,0,1,1,1,0,0,1,NA,1,1,1,1,1,1,0,1,1,0,0,0,1,0,1,1,1,0,1,1,1,1,1,1,1,1,0,1,1,1,1,1,1,1,0,0,0,1,1,0,1,1,0,0,1,NA,1,1,1,1,NA,NA,1,0,1,0,0,0,0,NA,0,NA,1,NA,1,1,1,1,1,1,1,1,1,NA,0,0,0,0,1,0,NA,NA,0,NA,NA,NA,NA,0,0,1,1,1,1,0,1,1,0,1,1,0,0,1,0,0,1,1,1,0,1,NA,1,1,1,1,NA,NA,1,NA,NA,NA
"MCCARRAN (D NV)",0,1,1,1,1,0,0,1,1,1,1,1,1,1,1,1,1,1,0,NA,1,0,0,0,1,1,1,0,1,1,1,1,1,NA,0,0,1,1,0,1,0,1,1,1,1,0,0,1,NA,NA,NA,NA,1,NA,1,1,0,1,1,0,0,1,1,0,0,1,1,1,0,0,0,0,1,1,NA,1,0,0,1,1,1,0,0,0,1,NA,1,1,1,1,0,1,0,1,1,1,1,1,0,1,1,1,0,1,1,0,NA,NA,1,NA,1,NA,1,1,0,0,1,0,0,0,1,1,1,0,1,1,0,1,0,1,0,0,1,0,1,0,1,1,1,1,1,1,0,1,1,1,1,1,1,1,1,0,NA,NA,NA,NA,1,1,1,0,1,1,1,0,NA,0,0,1,0,1,0,0,1,1,NA,1,1,1,1,NA,1,NA,NA,NA,NA,NA,NA,NA,NA,1,0,0
"BUNKER (D NV)",0,0,0,0,0,0,1,0,0,0,0,0,0,0,0,0,0,0,1,NA,1,NA,NA,NA,1,1,NA,0,0,1,0,1,1,0,0,0,0,1,1,1,0,1,1,1,0,0,0,0,1,0,1,0,1,0,NA,1,1,0,1,0,1,1,1,1,1,0,0,0,0,0,1,1,1,1,1,1,1,0,1,0,0,0,1,1,1,1,1,1,1,0,0,0,0,1,0,0,0,1,0,1,1,0,0,1,0,0,1,1,1,0,1,1,1,1,1,0,1,0,NA,NA,1,1,1,1,1,0,0,1,0,1,0,1,1,0,1,0,0,1,1,1,1,1,NA,NA,NA,NA,NA,1,1,NA,NA,NA,NA,NA,NA,NA,NA,NA,NA,0,1,1,1,0,0,0,0,1,0,1,0,0,1,1,1,1,1,1,NA,NA,1,0,0,0,0,0,1,1,0,0,1,0
"SCRUGHAM (D NV)",NA,NA,NA,NA,NA,NA,NA,NA,NA,NA,NA,NA,NA,NA,NA,NA,NA,NA,NA,NA,NA,NA,NA,NA,NA,NA,NA,NA,NA,NA,NA,NA,NA,NA,NA,NA,NA,NA,NA,NA,NA,NA,NA,NA,NA,NA,NA,NA,NA,NA,NA,NA,NA,NA,NA,NA,NA,NA,NA,NA,NA,NA,NA,NA,NA,NA,NA,NA,NA,NA,NA,NA,NA,NA,NA,NA,NA,NA,NA,NA,NA,NA,NA,NA,NA,NA,NA,NA,NA,NA,NA,NA,NA,NA,NA,NA,NA,NA,NA,NA,NA,NA,NA,NA,NA,NA,NA,NA,NA,NA,NA,NA,NA,NA,NA,NA,NA,NA,NA,NA,NA,NA,NA,NA,NA,NA,NA,NA,NA,NA,NA,NA,NA,NA,NA,NA,NA,NA,NA,NA,NA,NA,NA,NA,NA,NA,NA,NA,NA,NA,NA,NA,NA,NA,NA,NA,NA,NA,NA,NA,NA,NA,NA,NA,NA,NA,NA,NA,NA,NA,NA,NA,NA,NA,NA,NA,NA,NA,NA,NA,NA,NA,NA,NA,NA,NA,NA,NA,NA,NA,NA,NA
"BRIDGES (R NH)",1,0,0,1,1,1,1,1,0,1,NA,1,1,0,0,0,0,0,1,NA,NA,NA,NA,NA,NA,NA,NA,0,1,NA,1,1,NA,1,1,1,1,0,1,NA,1,1,1,1,1,1,1,1,NA,NA,NA,1,0,1,1,NA,NA,0,1,1,1,0,0,1,1,0,0,0,NA,NA,1,0,0,NA,1,NA,1,1,1,0,0,1,1,1,1,1,1,1,1,1,0,0,0,NA,NA,0,0,1,NA,NA,NA,NA,NA,NA,NA,NA,NA,NA,NA,NA,NA,NA,1,NA,0,NA,NA,NA,1,1,1,NA,NA,NA,NA,1,NA,NA,NA,NA,NA,NA,NA,NA,NA,NA,NA,1,1,1,NA,1,NA,1,0,0,0,0,0,0,NA,NA,0,0,0,1,1,1,1,0,NA,0,1,NA,NA,NA,NA,1,NA,1,1,0,NA,1,NA,NA,1,1,1,NA,1,NA,NA,NA,NA,NA,NA,NA,NA,NA,NA,NA
"TOBEY (R NH)",1,1,1,1,1,1,0,1,1,1,1,1,1,1,1,1,1,1,0,NA,1,0,0,1,1,1,NA,0,1,1,1,0,NA,1,1,1,1,0,NA,0,1,1,1,1,1,0,0,1,NA,NA,NA,1,0,NA,0,1,0,1,1,0,0,1,1,0,NA,NA,NA,NA,NA,NA,0,0,0,1,1,0,1,NA,1,1,1,0,0,0,1,0,1,1,1,NA,1,1,1,1,1,1,1,1,0,1,1,1,1,1,NA,NA,1,0,1,1,1,0,1,1,0,1,0,1,0,0,1,1,0,1,1,0,NA,NA,NA,NA,NA,NA,NA,0,1,1,0,1,1,1,1,1,NA,1,NA,NA,NA,0,0,0,1,0,0,0,0,1,1,1,1,NA,0,0,1,1,NA,NA,NA,1,NA,1,1,0,NA,1,0,0,1,1,NA,NA,1,NA,1,1,1,1,NA,NA,1,1,0,NA
"BARBOUR (R NJ)",1,1,1,1,0,0,1,0,0,1,1,0,1,1,1,1,0,0,1,0,1,0,0,0,0,1,0,0,1,1,0,1,1,1,1,1,1,0,0,0,1,1,NA,1,NA,NA,NA,NA,0,NA,1,1,0,1,1,NA,NA,0,1,1,1,0,0,1,1,NA,NA,NA,NA,NA,1,0,0,0,0,0,1,1,1,0,0,0,1,1,1,1,1,1,1,0,NA,NA,NA,NA,0,0,0,1,NA,NA,NA,NA,NA,1,1,NA,NA,NA,1,NA,1,0,1,1,NA,1,0,1,1,1,1,1,1,1,1,1,NA,NA,NA,NA,NA,NA,NA,0,1,NA,NA,1,1,1,0,1,1,1,1,1,1,0,0,0,1,0,NA,NA,0,1,NA,NA,NA,NA,1,0,1,1,1,0,0,1,0,1,1,0,0,1,0,1,1,1,NA,NA,1,0,1,1,1,1,0,0,NA,1,0,NA
"SMATHERS (D NJ)",0,0,0,0,0,0,1,0,0,0,0,0,0,0,0,0,0,0,1,1,1,NA,NA,NA,1,1,0,0,0,1,0,1,NA,0,0,0,0,1,NA,0,0,1,0,1,NA,NA,NA,1,1,1,1,0,1,NA,NA,0,1,0,1,0,1,NA,NA,1,1,NA,NA,NA,NA,NA,1,1,1,NA,NA,0,1,0,1,0,0,1,1,1,1,NA,1,1,1,NA,0,0,0,0,0,0,0,1,0,1,1,1,0,1,0,0,1,1,1,0,1,1,1,1,NA,1,0,0,0,1,1,1,1,NA,1,0,1,1,0,1,NA,0,1,0,1,NA,0,1,1,1,1,1,NA,1,1,1,0,1,1,1,NA,NA,NA,NA,1,0,1,0,1,NA,NA,0,1,1,0,1,0,1,1,NA,0,NA,NA,1,1,1,0,1,0,1,1,NA,NA,NA,NA,1,NA,NA,1,0,1,NA
"HATCH (D NM)",0,0,0,0,0,0,0,0,0,0,0,0,0,0,0,0,0,0,1,NA,1,1,1,0,1,1,0,NA,0,1,0,1,NA,NA,NA,NA,NA,NA,NA,1,NA,1,NA,NA,NA,NA,NA,NA,NA,NA,NA,0,1,0,NA,0,1,0,1,0,1,0,0,1,1,0,NA,NA,NA,NA,1,0,1,0,0,0,1,0,1,0,0,0,1,1,1,1,1,1,1,1,NA,0,0,NA,0,0,0,1,1,0,NA,NA,0,1,NA,NA,NA,NA,1,NA,1,NA,1,1,NA,NA,1,NA,1,1,1,1,1,NA,NA,NA,NA,0,NA,1,NA,0,1,1,0,0,0,1,1,1,0,1,NA,1,1,1,NA,NA,NA,NA,0,1,NA,NA,0,NA,NA,NA,NA,0,1,1,1,0,0,0,0,1,0,0,0,0,1,1,1,1,0,1,0,1,1,NA,NA,NA,NA,NA,NA,NA,NA,NA,NA,NA
"CHAVEZ (D NM)",0,0,0,0,0,0,0,0,0,0,0,0,0,0,0,0,1,0,0,1,1,1,1,NA,1,1,NA,1,0,1,NA,NA,NA,0,0,0,0,1,NA,1,1,1,0,1,1,0,0,1,1,1,1,0,1,0,1,1,1,1,1,1,0,NA,NA,0,0,0,NA,NA,NA,NA,NA,NA,NA,NA,NA,NA,1,0,1,1,1,0,0,0,1,1,1,1,1,1,0,0,0,1,0,0,0,1,1,0,0,0,0,1,0,1,NA,1,1,0,1,1,1,1,0,0,1,1,0,0,1,1,1,NA,1,NA,1,0,0,1,0,0,1,0,1,0,0,1,1,1,1,1,NA,1,1,1,0,1,1,1,0,1,1,1,NA,0,NA,NA,NA,NA,NA,0,1,0,0,1,0,1,0,1,1,0,1,1,1,0,1,1,0,1,1,0,NA,NA,NA,NA,0,0,0,0,1,0
"WAGNER (D NY)",0,0,0,0,0,0,1,0,NA,0,0,0,0,0,0,0,0,0,1,NA,1,1,NA,NA,NA,1,NA,NA,0,1,NA,1,NA,NA,NA,NA,NA,NA,NA,0,NA,NA,NA,1,NA,NA,NA,NA,NA,NA,NA,0,1,NA,NA,NA,NA,NA,NA,NA,NA,NA,NA,1,1,NA,NA,NA,NA,NA,NA,NA,NA,NA,NA,NA,1,NA,1,0,0,0,1,1,1,NA,1,1,1,NA,NA,NA,NA,1,0,0,0,1,1,0,0,1,0,1,NA,NA,1,1,1,0,1,1,NA,1,NA,NA,0,NA,NA,NA,1,1,1,NA,NA,0,NA,1,NA,1,NA,0,1,0,1,0,0,1,1,1,1,1,NA,1,NA,NA,NA,1,1,1,1,0,NA,1,NA,0,1,1,1,NA,1,0,1,0,0,0,0,1,0,0,0,NA,NA,1,NA,1,0,1,0,1,1,0,1,1,1,1,0,0,1,0,1,NA
"MEAD (D NY)",0,0,0,0,0,1,1,0,0,0,0,0,0,0,0,0,0,0,1,NA,1,NA,NA,NA,1,1,NA,1,0,1,NA,1,NA,0,NA,0,0,1,1,0,0,1,0,1,1,1,1,1,1,1,1,0,1,0,NA,NA,NA,0,1,0,1,1,1,1,1,0,0,0,0,0,NA,NA,NA,NA,0,0,1,0,1,0,0,0,1,1,1,1,1,1,1,1,0,0,0,1,0,0,0,1,1,0,1,1,0,1,0,1,1,1,1,0,1,1,0,1,NA,1,0,NA,1,1,1,1,1,0,1,0,NA,NA,NA,NA,0,0,1,0,1,1,0,1,1,1,1,1,0,1,1,1,1,1,1,1,1,0,0,1,0,0,0,1,1,1,0,0,1,1,0,0,0,1,NA,0,0,1,0,1,NA,1,0,1,0,1,1,0,1,1,1,1,0,0,1,0,1,0
"REYNOLDS (D NC)",0,1,1,1,1,1,0,1,1,1,1,1,1,1,NA,1,1,1,0,1,1,1,1,0,1,1,NA,0,0,1,1,1,0,0,0,0,0,1,1,1,NA,1,NA,NA,NA,NA,NA,NA,0,1,1,0,1,0,1,NA,NA,1,1,0,0,1,1,0,1,NA,NA,NA,NA,NA,1,NA,NA,NA,NA,NA,1,0,0,1,1,0,0,0,1,1,1,1,1,1,NA,NA,NA,1,0,0,0,1,1,0,0,1,0,1,1,0,1,1,1,0,NA,1,NA,1,NA,0,1,0,0,0,1,1,1,0,1,1,0,1,0,1,NA,NA,NA,0,1,0,0,1,1,1,1,1,NA,NA,NA,NA,NA,NA,NA,1,0,1,1,1,1,1,0,1,1,NA,NA,1,1,0,0,0,0,1,0,1,0,0,1,1,NA,1,0,1,0,1,1,NA,NA,NA,NA,NA,NA,NA,NA,NA,NA,NA
"BAILEY (D NC)",0,0,0,0,0,0,1,0,NA,0,0,0,0,0,0,0,0,0,1,NA,1,0,1,0,1,1,1,0,1,1,1,1,1,NA,1,1,NA,NA,NA,0,1,1,0,1,0,0,0,1,1,0,1,1,1,NA,1,NA,NA,0,0,0,1,0,1,1,1,NA,NA,0,NA,0,1,0,1,0,0,0,1,NA,1,0,0,0,1,1,1,NA,1,1,1,NA,NA,NA,NA,NA,1,1,1,1,0,1,0,1,0,1,0,NA,NA,0,1,1,NA,1,1,1,0,0,1,NA,0,0,1,1,1,1,1,1,NA,NA,NA,1,NA,0,1,0,1,0,0,1,1,1,0,1,1,NA,NA,NA,NA,0,0,NA,1,0,1,0,1,1,1,0,1,NA,0,1,1,NA,0,NA,NA,1,0,1,1,0,1,1,NA,1,1,1,NA,1,1,NA,NA,NA,NA,NA,NA,NA,0,0,1,0
"NYE (R ND)",1,1,1,1,1,1,0,1,1,1,1,1,1,1,1,1,1,0,0,0,0,0,0,NA,1,NA,NA,0,1,1,1,0,NA,1,1,1,1,0,0,1,NA,NA,NA,1,NA,NA,NA,NA,NA,NA,1,1,0,1,NA,NA,NA,0,1,0,0,1,1,0,NA,NA,NA,NA,NA,NA,0,1,0,1,1,1,0,1,0,1,1,0,0,0,1,0,1,1,1,1,1,1,1,0,1,1,1,1,0,1,1,1,1,0,1,0,1,0,0,NA,1,0,0,1,1,0,1,1,NA,NA,1,1,1,1,0,0,1,0,0,1,NA,0,1,0,1,1,0,1,1,1,1,1,0,1,1,1,0,0,0,0,1,NA,0,1,0,1,NA,NA,NA,NA,0,1,0,1,0,0,1,1,0,1,1,0,0,1,0,0,1,1,1,0,0,0,1,1,1,1,NA,NA,0,1,0,0
"LANGER (R ND)",1,1,1,1,1,1,0,1,NA,1,1,1,1,0,1,0,1,0,0,0,0,0,0,1,1,1,0,1,0,1,1,0,NA,1,1,1,1,0,NA,1,NA,NA,NA,NA,NA,NA,NA,NA,NA,NA,NA,1,0,NA,0,1,1,0,1,0,0,1,1,0,0,NA,1,1,0,0,0,1,NA,1,1,1,0,NA,0,1,1,0,0,0,1,NA,1,1,NA,0,0,NA,NA,1,1,NA,1,1,0,1,1,1,1,1,1,NA,NA,NA,1,NA,NA,NA,1,NA,NA,0,1,0,NA,NA,1,1,1,0,NA,0,1,0,0,1,1,0,1,0,1,1,0,1,1,1,1,1,1,1,1,NA,NA,NA,NA,0,0,1,NA,NA,NA,0,NA,NA,NA,0,NA,1,0,0,0,0,0,1,1,0,0,1,0,1,1,0,1,NA,NA,NA,0,1,1,NA,1,1,0,0,0,1,0,0
"BURTON (R OH)",1,0,1,1,1,1,1,1,0,1,1,1,1,0,1,0,1,1,1,0,1,0,0,1,0,NA,NA,1,1,1,1,0,0,1,1,1,1,0,0,1,1,1,1,1,1,0,0,1,0,0,NA,1,0,1,0,1,0,0,1,1,1,0,0,1,1,1,1,1,0,0,1,0,1,1,1,1,1,0,1,1,1,0,0,0,1,0,1,1,1,0,1,1,1,1,0,0,0,1,1,0,0,1,1,1,1,1,0,1,1,1,1,0,1,1,0,1,0,0,1,1,1,1,1,1,1,0,0,1,0,0,0,NA,NA,0,1,NA,0,1,1,1,0,1,1,1,1,1,1,0,0,0,1,0,0,0,0,1,NA,NA,NA,0,0,0,1,1,1,0,0,1,0,1,1,0,0,1,0,1,0,1,1,0,1,0,1,1,1,1,0,0,1,1,0,0
"TAFT (R OH)",1,1,1,1,1,1,0,1,0,1,1,1,1,1,1,1,1,1,0,0,1,0,0,0,0,NA,NA,0,1,1,1,0,0,1,1,1,1,0,NA,1,1,1,1,1,1,0,0,1,0,0,1,1,0,NA,0,1,0,1,0,1,0,1,1,0,0,1,1,1,1,1,1,0,1,1,1,1,1,1,0,1,1,0,0,0,1,1,1,1,1,NA,1,1,1,1,1,1,1,1,1,0,0,1,1,1,1,1,0,0,1,1,1,0,1,1,0,1,1,1,0,0,1,1,0,1,1,1,1,1,0,0,0,1,0,1,1,0,1,1,1,1,0,1,1,0,0,0,0,0,0,0,1,0,0,0,0,1,1,1,1,0,0,0,1,1,1,0,1,1,0,0,1,0,0,1,0,NA,1,0,1,0,1,0,1,1,1,1,0,0,1,1,0,NA
"THOMAS (D OK)",0,0,0,0,0,0,1,0,NA,0,0,0,0,0,0,0,0,0,1,NA,1,1,1,NA,1,1,NA,1,0,1,0,1,0,NA,NA,NA,NA,1,1,0,0,1,0,1,1,0,0,1,1,1,1,0,1,0,1,NA,1,0,1,0,1,0,0,1,1,0,0,0,0,0,NA,NA,NA,NA,NA,NA,1,0,1,1,NA,0,1,1,1,1,1,1,1,1,0,0,0,1,0,0,0,1,0,1,1,1,0,1,0,NA,NA,1,0,0,1,1,1,1,1,0,1,1,0,0,1,1,1,0,NA,1,1,0,0,1,1,0,1,1,0,0,1,1,1,1,1,1,NA,0,1,1,NA,1,1,1,0,1,1,1,1,1,NA,NA,NA,0,NA,1,1,0,0,NA,0,1,0,1,0,0,1,1,NA,0,1,1,0,NA,1,1,1,1,1,1,0,0,1,0,1,0
"LEE (D OK)",0,0,0,0,0,0,1,0,1,0,0,0,0,0,0,0,0,0,1,NA,1,0,1,0,1,1,0,1,0,1,0,1,NA,0,0,0,0,1,1,NA,0,1,NA,1,NA,NA,NA,NA,1,NA,NA,NA,1,NA,1,1,1,0,1,0,0,1,1,1,1,NA,NA,NA,NA,NA,0,1,NA,0,0,1,1,0,1,0,0,0,1,1,1,0,1,1,1,1,0,0,0,0,0,0,0,1,1,1,1,1,0,1,0,0,1,1,1,0,1,1,1,1,1,0,1,NA,1,1,1,1,1,0,0,0,0,1,0,1,1,1,1,1,0,1,1,1,1,1,1,1,0,0,1,1,0,1,1,NA,0,1,1,1,1,0,NA,NA,NA,NA,1,0,1,0,0,0,0,1,1,0,0,0,0,1,1,0,0,1,0,1,1,1,1,1,NA,NA,NA,NA,NA,0,1,0
"HOLMAN (R OR)",1,1,1,1,1,1,1,1,1,1,1,1,1,1,1,1,1,1,0,0,1,0,0,1,1,1,0,0,1,1,1,0,0,1,1,1,1,0,0,1,1,1,1,1,1,0,1,1,0,0,1,1,0,NA,NA,NA,NA,0,1,NA,NA,NA,NA,1,1,NA,NA,NA,NA,NA,1,1,1,1,1,1,1,1,1,1,1,0,0,0,1,0,1,1,1,0,0,1,1,1,0,0,0,1,0,1,1,1,1,1,1,0,1,0,0,1,1,0,1,1,0,0,1,1,0,0,1,1,1,0,1,1,0,1,0,1,0,0,0,0,1,0,0,1,1,1,1,1,0,1,1,NA,0,NA,NA,0,NA,NA,NA,NA,NA,NA,NA,1,1,NA,NA,1,1,1,1,0,0,1,0,1,1,0,1,1,NA,NA,1,1,NA,NA,1,NA,NA,NA,NA,NA,NA,NA,0,NA,NA,NA
"MCNARY (R OR)",1,0,1,1,1,1,1,1,1,1,1,1,1,1,1,1,0,1,1,0,1,0,0,NA,1,1,0,1,1,1,1,1,0,NA,NA,NA,NA,NA,0,1,1,1,1,1,NA,NA,NA,0,0,NA,1,1,0,1,NA,NA,NA,1,1,NA,NA,NA,NA,0,0,NA,1,1,0,0,0,1,NA,1,1,1,1,1,1,1,1,0,0,0,1,0,1,1,1,0,0,0,0,1,0,NA,0,1,0,1,1,1,1,1,0,NA,NA,0,1,1,1,0,1,1,0,0,1,0,0,0,1,1,1,1,1,0,0,1,0,1,0,0,1,0,1,1,0,1,1,1,1,1,0,1,1,1,0,1,1,0,1,0,0,1,0,1,1,1,1,0,0,1,1,NA,0,0,0,1,0,1,1,0,1,1,0,1,1,1,1,0,1,0,1,1,1,1,0,0,0,1,0,NA
"GUFFEY (D PA)",0,0,0,0,0,0,1,0,0,0,0,0,0,0,0,0,0,0,1,1,1,1,1,0,1,1,0,1,0,1,0,1,0,0,0,0,0,1,1,0,0,1,0,1,1,1,1,0,NA,NA,NA,0,1,0,1,0,1,0,0,0,1,0,0,1,1,1,0,0,0,0,1,0,1,0,0,0,1,0,1,0,0,0,1,1,1,1,1,1,1,1,0,0,0,1,0,0,0,1,1,0,0,0,0,1,NA,0,1,1,1,NA,1,NA,NA,1,NA,1,0,NA,1,1,1,1,1,1,0,0,0,1,0,1,0,0,1,0,1,0,0,1,1,1,0,1,NA,1,1,1,1,1,1,1,1,0,1,1,1,0,0,0,1,NA,NA,0,1,NA,0,NA,NA,1,0,0,1,0,1,1,1,1,0,1,0,1,1,0,NA,NA,1,1,NA,NA,1,0,1,NA
"DAVIS (R PA)",1,1,1,1,1,1,1,1,1,1,1,1,1,1,1,1,0,1,0,0,1,0,0,0,1,1,0,1,0,1,1,1,0,1,1,1,1,0,NA,0,NA,1,NA,1,NA,NA,NA,NA,NA,NA,1,1,0,0,1,1,0,1,1,1,0,1,1,0,0,NA,1,1,NA,NA,0,0,NA,1,NA,NA,1,1,1,1,1,0,0,0,1,1,1,1,1,1,0,0,0,1,1,1,1,1,0,1,0,1,NA,1,NA,1,1,0,1,NA,1,NA,1,1,0,1,NA,1,0,0,1,1,0,1,1,0,NA,NA,NA,NA,NA,NA,NA,0,1,NA,0,1,1,1,1,1,1,1,1,1,NA,1,1,NA,1,0,NA,NA,0,1,1,1,1,0,0,0,1,1,0,0,0,1,0,1,1,0,0,1,0,1,1,1,1,NA,1,0,1,1,1,1,0,0,1,1,0,0
"GERRY (D RI)",0,0,0,1,1,0,1,0,0,1,0,0,0,1,0,1,0,1,0,1,1,1,1,0,0,NA,1,0,1,0,0,1,1,NA,NA,1,NA,0,NA,NA,1,1,1,1,0,0,0,0,0,0,1,1,0,NA,NA,NA,NA,0,0,1,1,0,0,1,1,0,1,1,1,1,1,0,1,0,0,0,1,NA,1,0,0,0,1,1,1,1,1,1,1,0,1,1,1,0,1,1,1,1,1,0,0,1,0,1,0,1,0,0,1,1,1,0,1,1,0,1,0,1,0,0,1,1,NA,NA,1,1,NA,NA,0,0,1,1,0,0,1,0,0,1,1,1,NA,1,1,1,0,0,0,0,0,1,1,0,1,0,1,1,0,0,1,0,NA,0,1,1,0,0,0,1,0,1,1,0,0,1,0,1,0,0,0,1,1,0,0,0,1,0,0,0,0,0,1,0
"GREEN (D RI)",0,0,0,0,0,0,1,0,0,0,0,0,0,0,0,0,0,0,1,1,1,1,1,0,0,1,0,1,0,1,0,1,0,0,0,0,0,1,1,0,0,1,1,1,0,0,0,0,1,0,1,0,1,1,1,0,1,0,0,0,1,0,0,1,1,NA,NA,NA,NA,NA,1,0,0,0,0,0,1,0,1,0,0,0,1,1,1,1,1,1,1,1,1,1,1,0,0,0,0,1,1,0,0,0,0,1,0,1,0,1,1,0,1,1,1,1,0,1,0,0,1,1,1,1,1,0,0,0,0,1,NA,1,NA,NA,1,0,1,0,0,1,1,1,1,1,0,1,1,1,0,1,1,1,NA,NA,1,0,1,0,0,0,1,1,NA,0,1,0,0,0,0,1,0,0,0,NA,0,1,1,1,0,0,0,1,1,0,1,1,1,1,0,0,1,0,1,0
"SMITH (D SC)",0,0,0,1,1,NA,1,NA,NA,NA,NA,NA,NA,NA,0,1,1,0,1,0,1,0,0,0,1,NA,NA,0,1,1,1,1,1,1,1,1,NA,0,1,0,1,1,0,1,1,0,1,0,1,0,1,0,1,NA,NA,0,1,0,1,NA,0,0,0,0,1,1,0,0,0,0,1,0,1,0,1,1,1,0,NA,1,1,0,0,0,1,NA,1,1,1,1,1,1,1,NA,NA,NA,NA,NA,0,1,NA,NA,NA,1,1,0,1,0,NA,0,1,1,NA,1,NA,0,1,NA,0,0,1,1,NA,NA,1,1,1,0,0,1,0,0,1,1,0,0,1,1,1,1,1,1,1,NA,NA,NA,NA,0,0,NA,0,1,NA,NA,NA,0,0,0,0,NA,0,1,1,0,0,1,0,1,0,1,1,0,1,1,NA,0,1,1,0,0,1,1,0,0,0,0,1,1,0,NA,NA,NA
"BYRNES (D SC)",0,0,0,0,0,0,1,0,0,0,0,0,0,0,0,0,0,0,1,1,1,0,1,0,1,1,1,1,0,1,0,1,1,0,0,0,0,1,1,0,1,1,NA,1,0,0,0,0,0,0,1,0,1,1,NA,NA,NA,NA,NA,NA,NA,NA,NA,NA,NA,NA,NA,NA,NA,NA,NA,NA,NA,NA,NA,NA,NA,NA,NA,NA,NA,NA,NA,NA,NA,NA,NA,NA,NA,NA,NA,NA,NA,NA,NA,NA,NA,NA,NA,NA,NA,NA,NA,NA,NA,NA,NA,NA,NA,NA,NA,NA,NA,NA,NA,NA,NA,NA,NA,NA,NA,NA,NA,NA,NA,NA,NA,NA,NA,NA,NA,NA,NA,NA,NA,NA,NA,NA,NA,NA,NA,NA,NA,NA,NA,NA,NA,NA,NA,NA,NA,NA,NA,NA,NA,NA,NA,NA,NA,NA,NA,NA,NA,NA,NA,NA,NA,NA,NA,NA,NA,NA,NA,NA,NA,NA,NA,NA,NA,NA,NA,NA,NA,NA,NA,NA,NA,NA,NA,NA,NA,NA
"LUMPKIN (D SC)",NA,NA,NA,NA,NA,NA,NA,NA,NA,NA,NA,NA,NA,NA,NA,NA,NA,NA,NA,NA,NA,NA,NA,NA,NA,NA,NA,NA,NA,NA,NA,NA,NA,NA,NA,NA,NA,NA,NA,NA,NA,NA,NA,NA,NA,NA,NA,NA,NA,NA,NA,NA,NA,NA,1,NA,1,NA,NA,NA,NA,NA,NA,NA,NA,NA,NA,NA,NA,NA,NA,NA,NA,NA,NA,NA,NA,NA,NA,NA,NA,NA,NA,NA,NA,NA,NA,NA,NA,NA,NA,NA,NA,NA,NA,NA,NA,NA,NA,NA,NA,NA,NA,NA,NA,NA,NA,NA,NA,NA,NA,NA,NA,NA,NA,NA,NA,NA,NA,NA,NA,NA,NA,NA,NA,NA,NA,NA,NA,NA,NA,NA,NA,NA,NA,NA,NA,NA,NA,NA,NA,NA,NA,NA,NA,NA,NA,NA,NA,NA,NA,NA,NA,NA,NA,NA,NA,NA,NA,NA,NA,NA,NA,NA,NA,NA,NA,NA,NA,NA,NA,NA,NA,NA,NA,NA,NA,NA,NA,NA,NA,NA,NA,NA,NA,NA,NA,NA,NA,NA,NA,NA
"PEACE (D SC)",NA,NA,NA,NA,NA,NA,NA,NA,NA,NA,NA,NA,NA,NA,NA,NA,NA,NA,NA,NA,NA,NA,NA,NA,NA,NA,NA,NA,NA,NA,NA,NA,NA,NA,NA,NA,NA,NA,NA,NA,NA,NA,NA,NA,NA,NA,NA,NA,NA,NA,NA,NA,NA,NA,NA,NA,NA,NA,NA,0,1,0,0,1,1,0,0,0,0,0,1,0,1,1,NA,1,1,0,1,NA,NA,NA,NA,NA,NA,NA,NA,NA,NA,NA,NA,NA,NA,NA,NA,NA,NA,NA,NA,NA,NA,NA,NA,NA,NA,NA,NA,NA,NA,NA,NA,NA,NA,NA,NA,NA,NA,NA,NA,NA,NA,NA,NA,NA,NA,NA,NA,NA,NA,NA,NA,NA,NA,NA,NA,NA,NA,NA,NA,NA,NA,NA,NA,NA,NA,NA,NA,NA,NA,NA,NA,NA,NA,NA,NA,NA,NA,NA,NA,NA,NA,NA,NA,NA,NA,NA,NA,NA,NA,NA,NA,NA,NA,NA,NA,NA,NA,NA,NA,NA,NA,NA,NA,NA,NA,NA,NA,NA,NA,NA,NA,NA
"MAYBANK (D SC)",NA,NA,NA,NA,NA,NA,NA,NA,NA,NA,NA,NA,NA,NA,NA,NA,NA,NA,NA,NA,NA,NA,NA,NA,NA,NA,NA,NA,NA,NA,NA,NA,NA,NA,NA,NA,NA,NA,NA,NA,NA,NA,NA,NA,NA,NA,NA,NA,NA,NA,NA,NA,NA,NA,NA,NA,NA,NA,NA,NA,NA,NA,NA,NA,NA,NA,NA,NA,NA,NA,NA,NA,NA,NA,NA,NA,NA,NA,NA,0,0,0,1,1,1,1,1,1,1,1,NA,1,1,0,1,1,1,1,1,0,1,1,0,1,NA,1,0,1,1,0,1,1,1,1,0,0,1,1,1,1,1,1,1,1,1,0,0,1,0,1,0,0,1,0,1,0,0,1,1,1,1,1,0,1,1,1,0,0,0,1,0,1,1,1,0,0,0,0,NA,NA,1,0,1,0,0,0,0,1,0,1,0,0,1,1,1,0,0,1,0,1,1,1,0,0,0,0,1,1,0,0,1,0
"GURNEY (R SD)",1,0,1,1,0,0,1,1,0,1,1,0,1,0,0,0,0,0,1,0,1,0,0,0,1,1,1,0,1,1,1,1,NA,1,NA,NA,1,0,NA,1,1,1,1,1,1,0,0,1,1,0,1,1,0,0,1,1,1,0,1,0,1,0,0,1,1,0,NA,NA,NA,NA,NA,NA,NA,NA,NA,NA,1,1,1,0,0,1,1,1,1,1,1,1,1,1,1,1,1,1,0,0,0,1,1,0,1,1,0,1,1,1,0,1,1,NA,1,1,1,1,0,0,1,1,1,1,1,1,0,1,1,0,0,1,0,1,0,0,1,0,1,0,0,1,1,1,0,1,1,1,1,1,NA,0,0,0,1,0,0,1,0,1,NA,NA,NA,0,0,0,1,1,NA,0,0,1,0,1,1,0,0,1,0,1,0,0,0,1,1,NA,NA,NA,NA,NA,NA,NA,NA,0,1,0
"BULOW (D SD)",0,1,1,1,1,1,1,1,1,1,1,1,1,1,1,1,1,1,0,0,NA,0,0,0,1,1,NA,0,1,1,1,0,0,0,NA,0,0,1,NA,1,1,1,0,0,1,0,0,1,1,0,1,NA,NA,NA,NA,NA,NA,NA,NA,NA,NA,NA,NA,NA,NA,NA,NA,NA,NA,NA,0,0,NA,1,NA,0,NA,0,NA,1,1,0,0,0,1,NA,1,1,NA,NA,1,NA,NA,1,1,1,NA,NA,0,1,1,1,0,1,1,NA,1,1,0,0,1,1,1,1,1,0,1,1,1,0,1,1,1,0,1,0,1,0,0,1,1,0,NA,1,0,1,0,NA,NA,NA,1,1,0,NA,NA,NA,NA,NA,NA,NA,0,1,NA,NA,NA,NA,NA,NA,NA,NA,NA,NA,NA,NA,NA,NA,NA,NA,0,0,1,0,1,1,NA,1,1,1,1,0,0,1,0,0,0,0,1,1,0,0,0,0
"STEWART (D TN)",0,0,0,0,0,0,1,0,1,0,0,0,0,0,0,0,0,0,1,1,1,1,1,0,1,1,0,1,0,1,0,1,NA,0,0,0,0,1,1,1,1,1,0,1,1,1,1,1,1,0,1,0,1,0,1,NA,NA,0,1,0,1,1,NA,1,NA,NA,NA,NA,NA,NA,1,0,NA,0,NA,NA,1,0,1,0,0,0,1,1,1,NA,1,1,1,1,0,0,0,1,1,1,1,1,0,1,1,1,0,1,1,0,1,1,1,0,1,1,1,1,0,0,1,1,1,1,1,1,1,1,1,1,1,0,0,1,0,0,1,1,0,0,1,1,1,1,1,1,0,NA,NA,NA,0,0,0,1,NA,1,1,NA,NA,0,0,1,1,NA,NA,0,1,0,0,1,0,1,0,1,0,0,1,1,NA,NA,1,1,NA,0,1,NA,NA,NA,NA,NA,1,1,0,0,1,0
"MCKELLAR (D TN)",0,0,0,0,0,0,1,0,0,0,0,0,0,0,0,0,0,0,1,NA,1,1,1,NA,1,1,NA,1,0,1,NA,1,NA,NA,NA,0,NA,1,NA,NA,1,1,0,1,NA,NA,NA,NA,NA,NA,1,0,1,1,1,1,1,0,1,0,1,0,0,1,1,0,0,0,0,0,1,0,NA,NA,NA,0,1,0,1,0,0,1,1,1,1,1,1,1,1,0,0,0,0,1,0,0,0,1,0,1,1,1,0,1,NA,0,0,1,0,0,1,1,1,1,0,0,1,1,0,0,1,1,1,1,1,1,NA,0,0,0,0,1,0,1,0,0,1,1,1,1,1,1,1,0,0,0,0,0,0,1,0,1,1,1,1,0,0,0,1,1,1,1,1,0,0,1,0,1,0,1,0,0,1,1,1,1,1,1,0,0,1,1,0,0,0,0,1,1,0,0,1,NA
"CONNALLY (D TX)",0,0,0,0,0,0,1,0,0,0,0,0,0,0,0,0,0,0,1,1,1,0,1,0,1,1,1,1,0,1,0,1,1,0,0,0,0,1,1,0,1,1,0,1,1,1,1,0,0,0,1,0,1,0,1,0,1,0,1,0,1,0,0,1,1,1,0,0,NA,0,1,0,0,0,NA,1,1,0,1,0,0,0,1,1,1,1,1,1,1,1,1,1,1,NA,0,1,0,1,0,1,1,1,0,1,NA,NA,0,0,0,0,NA,1,1,1,0,0,1,1,0,0,1,1,1,1,NA,1,NA,NA,NA,NA,NA,0,1,1,0,0,1,1,1,1,1,1,1,0,1,1,0,0,0,1,0,1,1,1,1,0,0,0,0,1,0,1,1,0,0,1,0,1,0,1,1,0,1,1,1,0,0,1,0,1,1,1,0,0,0,0,1,1,0,0,1,1
"SHEPPARD (D TX)",0,0,0,0,0,0,1,0,1,0,0,0,0,0,0,0,0,0,1,NA,1,0,1,0,1,1,1,NA,NA,NA,NA,NA,NA,NA,NA,NA,NA,NA,NA,NA,NA,NA,NA,NA,NA,NA,NA,NA,NA,NA,NA,NA,NA,NA,NA,NA,NA,NA,NA,NA,NA,NA,NA,NA,NA,NA,NA,NA,NA,NA,NA,NA,NA,NA,NA,NA,NA,NA,NA,NA,NA,NA,NA,NA,NA,NA,NA,NA,NA,NA,NA,NA,NA,NA,NA,NA,NA,NA,NA,NA,NA,NA,NA,NA,NA,NA,NA,NA,NA,NA,NA,NA,NA,NA,NA,NA,NA,NA,NA,NA,NA,NA,NA,NA,NA,NA,NA,NA,NA,NA,NA,NA,NA,NA,NA,NA,NA,NA,NA,NA,NA,NA,NA,NA,NA,NA,NA,NA,NA,NA,NA,NA,NA,NA,NA,NA,NA,NA,NA,NA,NA,NA,NA,NA,NA,NA,NA,NA,NA,NA,NA,NA,NA,NA,NA,NA,NA,NA,NA,NA,NA,NA,NA,NA,NA,NA,NA,NA,NA,NA,NA,NA
"HOUSTON (D TX)",NA,NA,NA,NA,NA,NA,NA,NA,NA,NA,NA,NA,NA,NA,NA,NA,NA,NA,NA,NA,NA,NA,NA,NA,NA,NA,NA,NA,NA,NA,NA,NA,NA,NA,NA,NA,NA,NA,NA,0,1,1,0,1,1,1,1,0,NA,NA,NA,NA,NA,NA,NA,NA,NA,NA,NA,NA,NA,NA,NA,NA,NA,NA,NA,NA,NA,NA,NA,NA,NA,NA,NA,NA,NA,NA,NA,NA,NA,NA,NA,NA,NA,NA,NA,NA,NA,NA,NA,NA,NA,NA,NA,NA,NA,NA,NA,NA,NA,NA,NA,NA,NA,NA,NA,NA,NA,NA,NA,NA,NA,NA,NA,NA,NA,NA,NA,NA,NA,NA,NA,NA,NA,NA,NA,NA,NA,NA,NA,NA,NA,NA,NA,NA,NA,NA,NA,NA,NA,NA,NA,NA,NA,NA,NA,NA,NA,NA,NA,NA,NA,NA,NA,NA,NA,NA,NA,NA,NA,NA,NA,NA,NA,NA,NA,NA,NA,NA,NA,NA,NA,NA,NA,NA,NA,NA,NA,NA,NA,NA,NA,NA,NA,NA,NA,NA,NA,NA,NA,NA
"O'DANIEL (D TX)",NA,NA,NA,NA,NA,NA,NA,NA,NA,NA,NA,NA,NA,NA,NA,NA,NA,NA,NA,NA,NA,NA,NA,NA,NA,NA,NA,NA,NA,NA,NA,NA,NA,NA,NA,NA,NA,NA,NA,NA,NA,NA,NA,NA,NA,NA,NA,NA,NA,NA,NA,NA,NA,NA,NA,NA,NA,0,1,0,0,1,1,0,0,1,0,0,0,0,1,0,0,1,1,1,1,0,1,0,0,0,1,1,1,NA,1,1,1,1,NA,NA,NA,0,0,1,0,1,0,1,1,1,0,1,0,NA,NA,1,1,0,1,1,1,1,1,0,1,0,0,0,1,1,NA,NA,1,1,0,1,0,1,0,0,1,1,0,1,1,1,1,1,1,1,NA,NA,NA,NA,NA,NA,NA,NA,0,1,NA,NA,NA,0,NA,NA,NA,NA,NA,1,1,0,0,0,0,1,0,0,1,0,1,1,NA,0,1,1,NA,0,1,1,0,0,NA,NA,NA,NA,0,0,1,NA
"MURDOCK (D UT)",0,0,0,0,0,0,1,0,0,0,0,0,0,0,0,0,0,0,1,NA,1,1,1,0,1,1,0,1,0,1,0,1,NA,0,0,0,0,1,1,1,0,1,1,0,NA,0,1,1,1,1,1,0,1,0,NA,NA,NA,NA,NA,NA,NA,NA,NA,1,1,NA,NA,NA,0,0,NA,NA,NA,NA,NA,NA,1,0,1,NA,NA,0,NA,NA,1,1,1,1,1,1,0,0,0,NA,0,0,0,1,0,1,1,1,0,1,NA,NA,NA,1,1,0,1,1,1,1,0,NA,NA,NA,0,0,1,1,NA,NA,0,0,0,0,0,1,0,0,1,1,1,1,1,1,1,1,1,1,1,1,1,1,1,1,1,1,0,1,NA,NA,NA,0,NA,NA,NA,NA,NA,1,1,0,0,0,0,1,0,0,0,0,1,1,1,1,0,1,0,0,1,0,NA,1,NA,NA,0,0,1,0,1,0
"THOMAS (D UT)",0,0,0,0,0,0,1,0,0,0,0,0,0,0,0,0,0,0,1,NA,1,1,1,1,1,1,0,1,0,1,0,1,0,0,NA,0,0,1,1,1,NA,1,NA,1,NA,NA,NA,NA,1,1,1,0,1,1,1,0,1,0,1,0,1,0,0,1,1,0,0,0,0,0,1,0,1,0,0,0,1,0,1,0,0,1,1,1,1,1,1,1,1,1,0,0,0,NA,0,0,0,1,0,1,1,1,0,1,0,NA,1,NA,1,0,1,NA,0,1,NA,NA,NA,1,0,0,1,1,1,NA,NA,NA,NA,NA,NA,NA,NA,NA,NA,NA,NA,NA,NA,1,1,1,1,1,0,1,1,1,1,1,1,1,0,1,1,1,1,0,1,1,1,0,1,0,1,0,0,0,0,1,0,0,0,0,1,1,1,1,0,1,0,0,1,NA,NA,NA,NA,NA,NA,NA,1,0,1,NA
"AIKEN (R VT)",NA,1,1,1,1,1,0,1,1,1,1,1,1,1,1,1,1,1,0,0,1,0,0,1,1,1,0,0,1,1,1,0,0,1,1,1,1,0,0,1,0,1,1,0,1,0,0,1,NA,NA,NA,1,0,1,0,1,1,1,1,1,0,1,NA,0,0,1,1,1,0,0,0,1,1,1,1,1,1,0,0,1,1,0,0,0,1,0,1,1,1,0,0,0,0,1,1,1,1,1,0,1,1,1,0,1,NA,0,1,1,0,1,1,0,1,1,NA,0,1,0,0,0,1,1,0,1,0,0,0,1,0,0,0,0,1,0,1,1,0,1,1,1,1,1,1,1,1,1,0,1,1,0,1,0,0,1,0,0,NA,NA,1,0,0,1,1,1,0,0,0,1,0,0,1,0,0,1,1,0,1,1,1,0,1,0,1,1,1,1,0,0,0,1,0,0
"AUSTIN (R VT)",1,0,0,0,0,0,1,0,0,1,0,0,1,0,0,0,0,0,1,NA,1,0,0,1,1,1,0,0,1,1,0,1,1,1,1,1,1,0,NA,NA,NA,NA,NA,NA,NA,NA,NA,NA,NA,NA,NA,1,0,NA,1,1,1,0,0,1,1,0,0,1,1,0,0,0,NA,NA,1,0,1,0,1,1,1,NA,1,0,0,1,1,1,1,1,1,1,1,0,NA,NA,NA,1,0,0,0,1,1,0,1,1,0,1,1,1,1,0,1,0,1,0,1,1,0,1,0,1,1,1,1,1,1,1,1,1,0,1,0,0,0,1,1,0,1,NA,0,1,1,1,0,1,NA,1,NA,NA,NA,0,0,0,NA,NA,NA,NA,0,1,NA,NA,NA,NA,0,0,1,0,1,NA,NA,1,NA,1,1,0,0,1,0,1,0,1,0,1,1,0,0,0,0,0,1,1,0,0,1,0
"GLASS (D VA)",0,0,0,0,0,0,1,0,0,0,0,0,0,0,0,0,0,0,1,1,1,1,1,0,0,NA,NA,1,1,1,0,1,1,NA,NA,0,1,0,1,0,1,1,0,1,0,0,0,0,0,0,1,0,1,NA,NA,1,0,0,1,0,1,0,0,1,1,0,0,0,NA,NA,NA,NA,NA,NA,NA,NA,1,0,1,0,0,0,1,1,1,1,1,1,1,0,NA,NA,NA,0,0,0,0,1,1,0,0,NA,NA,1,0,NA,NA,1,1,0,1,1,1,1,0,1,0,1,1,1,1,1,1,NA,1,1,1,0,0,0,0,1,0,0,1,NA,0,1,1,1,0,1,NA,NA,NA,NA,NA,NA,NA,1,NA,NA,1,NA,1,NA,NA,0,0,NA,NA,0,1,NA,NA,NA,NA,1,0,0,1,NA,NA,1,NA,NA,NA,NA,NA,NA,1,NA,NA,NA,NA,NA,NA,NA,0,NA,NA,NA
"BYRD (D VA)",0,0,0,1,0,0,1,0,0,1,0,0,0,0,0,1,0,0,1,0,1,0,0,0,0,NA,1,0,1,NA,1,1,1,1,1,1,1,0,NA,0,1,1,0,1,0,0,0,0,0,0,1,1,0,NA,1,1,0,0,0,1,1,0,0,1,1,0,0,0,1,1,1,0,0,0,0,0,1,NA,1,1,1,0,0,0,1,1,1,1,1,0,1,1,1,0,0,1,1,1,1,0,0,1,NA,1,NA,1,0,0,1,1,1,1,1,1,0,1,0,1,1,1,1,1,1,NA,1,1,1,0,0,0,1,1,0,0,1,0,0,1,1,1,0,1,1,1,0,0,0,0,0,1,1,0,1,0,1,1,0,0,0,NA,NA,0,1,NA,1,1,0,1,0,0,1,0,NA,1,NA,0,0,NA,0,NA,1,NA,0,0,0,0,1,1,0,NA,NA,NA
"WALLGREN (D WA)",0,0,0,0,0,0,1,0,0,0,0,0,0,0,0,0,0,0,1,1,1,1,1,0,1,1,0,1,0,1,0,1,NA,0,0,0,0,1,NA,1,0,1,1,1,NA,NA,NA,NA,NA,NA,NA,0,1,NA,NA,NA,NA,0,1,0,1,1,1,1,1,NA,NA,NA,NA,NA,NA,NA,NA,1,1,NA,1,0,1,0,0,0,1,1,1,1,1,1,1,1,0,0,0,1,0,0,0,1,1,0,0,1,0,1,0,0,1,1,1,0,1,1,0,1,1,1,1,NA,NA,NA,1,1,1,1,0,0,NA,NA,NA,1,NA,NA,1,NA,1,NA,0,1,1,1,NA,1,NA,NA,NA,NA,NA,NA,NA,NA,0,1,NA,NA,NA,0,NA,NA,NA,1,1,0,1,1,0,0,0,1,NA,1,0,0,1,1,1,1,0,1,0,1,1,NA,NA,NA,NA,NA,NA,NA,1,0,1,0
"BONE (D WA)",0,1,1,NA,1,NA,NA,0,0,0,1,NA,0,1,1,1,1,0,0,0,1,0,1,1,1,1,NA,1,0,1,1,NA,0,0,0,0,0,1,0,1,0,1,1,1,0,1,1,NA,NA,1,1,0,1,0,1,1,NA,1,1,0,0,1,1,0,0,NA,NA,NA,0,0,NA,NA,NA,NA,NA,NA,NA,NA,NA,1,1,0,0,0,1,NA,1,1,1,NA,NA,NA,NA,NA,1,1,1,1,1,0,0,1,0,1,NA,0,1,1,1,0,1,1,1,1,1,0,1,NA,0,0,1,1,1,1,NA,0,NA,NA,0,1,NA,0,1,0,1,NA,0,1,1,1,1,1,NA,1,1,1,1,1,1,NA,NA,NA,1,1,0,0,1,1,1,NA,NA,1,1,1,0,0,0,1,1,1,0,0,1,1,NA,1,0,1,NA,1,1,NA,NA,NA,NA,NA,NA,NA,1,NA,NA,NA
"KILGORE (D WV)",0,0,0,0,0,0,1,0,0,0,0,0,0,0,0,0,0,0,1,1,1,1,1,0,1,1,0,1,0,1,0,1,NA,NA,NA,NA,NA,NA,NA,0,0,1,0,1,1,1,1,1,1,1,NA,0,1,0,NA,NA,NA,0,1,0,1,0,1,1,1,NA,NA,NA,NA,NA,0,1,1,1,0,1,1,0,1,0,0,0,1,1,1,NA,1,1,1,1,1,0,0,1,1,1,1,1,1,0,0,1,0,1,0,0,1,1,1,0,1,1,1,1,1,1,0,NA,1,1,1,1,1,NA,1,1,NA,NA,NA,NA,NA,1,0,0,1,0,0,1,1,1,1,1,0,NA,1,1,1,1,1,1,1,0,NA,NA,1,1,0,1,1,NA,1,0,1,0,NA,NA,NA,1,0,0,1,0,1,1,1,0,NA,1,NA,NA,1,1,1,NA,1,1,0,1,1,0,1,0
"NEELY (D WV)",0,NA,NA,NA,NA,NA,NA,NA,NA,NA,NA,NA,NA,NA,NA,NA,NA,NA,NA,NA,NA,NA,NA,NA,NA,NA,NA,NA,NA,NA,NA,NA,NA,NA,NA,NA,NA,NA,NA,NA,NA,NA,NA,NA,NA,NA,NA,NA,NA,NA,NA,NA,NA,NA,NA,NA,NA,NA,NA,NA,NA,NA,NA,NA,NA,NA,NA,NA,NA,NA,NA,NA,NA,NA,NA,NA,NA,NA,NA,NA,NA,NA,NA,NA,NA,NA,NA,NA,NA,NA,NA,NA,NA,NA,NA,NA,NA,NA,NA,NA,NA,NA,NA,NA,NA,NA,NA,NA,NA,NA,NA,NA,NA,NA,NA,NA,NA,NA,NA,NA,NA,NA,NA,NA,NA,NA,NA,NA,NA,NA,NA,NA,NA,NA,NA,NA,NA,NA,NA,NA,NA,NA,NA,NA,NA,NA,NA,NA,NA,NA,NA,NA,NA,NA,NA,NA,NA,NA,NA,NA,NA,NA,NA,NA,NA,NA,NA,NA,NA,NA,NA,NA,NA,NA,NA,NA,NA,NA,NA,NA,NA,NA,NA,NA,NA,NA,NA,NA,NA,NA,NA,NA
"ROSIER (D WV)",NA,NA,NA,NA,NA,NA,NA,NA,NA,NA,NA,NA,NA,NA,NA,NA,NA,NA,NA,NA,NA,NA,NA,NA,NA,NA,NA,NA,NA,1,NA,1,NA,0,0,0,0,1,1,0,0,1,0,1,1,1,1,1,1,1,1,0,1,NA,1,0,1,0,1,0,1,NA,NA,1,1,0,0,0,0,0,0,1,1,1,0,1,1,0,1,0,0,0,1,1,1,1,1,1,1,NA,0,0,0,1,1,1,1,1,0,1,1,1,0,1,NA,0,1,1,1,0,1,1,1,1,NA,0,1,0,0,0,1,1,1,NA,0,0,0,1,0,1,0,0,1,0,1,0,0,1,1,1,1,1,0,1,1,1,1,1,1,1,NA,NA,1,1,1,0,0,1,1,0,1,0,1,0,0,0,0,1,0,1,1,1,0,1,NA,0,1,1,1,0,1,0,1,1,NA,NA,NA,NA,NA,NA,NA,NA
"SHOTT (R WV)",NA,NA,NA,NA,NA,NA,NA,NA,NA,NA,NA,NA,NA,NA,NA,NA,NA,NA,NA,NA,NA,NA,NA,NA,NA,NA,NA,NA,NA,NA,NA,NA,NA,NA,NA,NA,NA,NA,NA,NA,NA,NA,NA,NA,NA,NA,NA,NA,NA,NA,NA,NA,NA,NA,NA,NA,NA,NA,NA,NA,NA,NA,NA,NA,NA,NA,NA,NA,NA,NA,NA,NA,NA,NA,NA,NA,NA,NA,NA,NA,NA,NA,NA,NA,NA,NA,NA,NA,NA,NA,NA,NA,NA,NA,NA,NA,NA,NA,NA,NA,NA,NA,NA,NA,NA,NA,NA,NA,NA,NA,NA,NA,NA,NA,NA,NA,NA,NA,NA,NA,NA,NA,NA,NA,NA,NA,NA,NA,NA,NA,NA,NA,NA,NA,NA,NA,NA,NA,NA,NA,NA,NA,NA,NA,NA,NA,NA,NA,NA,NA,NA,NA,NA,NA,NA,NA,NA,NA,NA,NA,NA,NA,NA,NA,NA,NA,NA,NA,NA,NA,NA,NA,NA,NA,NA,NA,NA,NA,NA,NA,NA,NA,NA,NA,NA,NA,1,0,0,1,0,0
"LAFOLLETTE (Progressive  WI)",1,1,1,1,1,0,0,1,1,1,1,1,1,1,1,1,1,1,0,0,0,0,0,1,1,1,0,0,0,1,1,0,0,NA,NA,NA,NA,NA,0,1,0,1,1,0,1,1,1,1,1,1,1,0,1,0,NA,1,1,1,1,0,0,1,1,0,0,1,1,1,0,0,0,1,0,1,1,0,0,1,0,1,1,0,0,0,1,0,1,1,1,1,0,0,0,1,1,1,1,1,0,1,1,1,0,1,1,0,1,0,1,0,1,0,0,1,1,0,1,0,0,0,1,1,1,0,0,0,1,0,0,1,0,0,1,0,1,1,0,1,1,1,1,1,NA,1,1,1,NA,1,1,0,0,1,NA,NA,NA,NA,1,1,1,0,0,1,1,1,0,0,0,1,1,0,0,0,0,1,1,1,1,1,1,NA,1,0,1,1,1,1,0,0,1,NA,NA,NA
"WILEY (R WI)",1,1,1,1,1,1,1,1,1,1,1,1,1,1,1,1,1,1,0,0,0,0,0,1,1,NA,0,0,1,1,1,0,0,1,1,1,1,0,0,1,NA,NA,NA,NA,NA,NA,NA,NA,0,0,1,1,0,1,1,1,0,1,0,1,0,1,1,0,NA,NA,NA,NA,NA,NA,1,1,0,1,1,1,1,1,0,1,1,0,0,0,1,1,1,1,1,0,0,0,0,1,1,1,1,1,0,1,1,1,1,1,0,1,0,0,NA,NA,1,0,1,1,NA,0,1,1,1,1,1,1,1,1,0,NA,NA,NA,NA,NA,NA,1,NA,0,1,NA,NA,1,1,1,1,1,NA,1,1,NA,NA,NA,NA,0,NA,NA,0,1,0,1,1,1,1,0,NA,1,1,1,0,0,1,1,0,1,1,0,0,1,0,1,NA,NA,NA,NA,NA,0,1,1,1,1,0,0,1,NA,NA,0
"O'MAHONEY (D WY)",0,1,0,0,0,0,0,0,0,0,0,0,0,0,0,0,0,0,1,1,1,1,1,0,1,1,0,1,0,1,0,1,0,0,0,0,0,1,1,1,1,1,NA,1,NA,NA,NA,NA,1,0,1,0,1,0,1,NA,NA,0,1,0,1,1,1,1,1,0,NA,NA,NA,NA,1,1,1,1,0,0,1,0,1,0,0,1,1,1,1,1,1,1,1,1,NA,NA,NA,NA,0,0,0,1,0,1,1,NA,0,1,1,NA,NA,1,0,0,0,0,1,1,0,0,1,0,1,1,1,1,1,1,1,1,1,0,0,1,0,0,1,1,1,0,0,1,1,1,0,1,NA,1,1,1,1,1,1,1,1,0,1,1,1,1,NA,NA,NA,0,NA,0,1,0,0,1,0,1,0,1,1,0,1,1,0,1,1,1,NA,NA,1,NA,NA,NA,0,1,1,1,0,0,1,0
"SCHWARTZ (D WY)",0,0,0,0,0,0,1,0,0,0,0,0,0,0,0,0,0,0,1,1,1,NA,NA,NA,1,1,NA,1,0,1,0,1,0,0,0,0,0,1,1,1,NA,1,NA,1,NA,NA,NA,NA,NA,NA,NA,0,1,0,1,0,1,0,1,0,1,1,1,1,1,1,0,0,0,0,1,1,1,1,0,0,1,0,1,0,0,0,1,1,1,1,1,1,1,1,0,0,0,0,0,0,0,1,0,1,1,1,0,1,NA,NA,NA,1,1,NA,1,NA,1,1,1,0,0,1,0,0,1,1,1,0,0,0,0,1,0,1,0,0,1,0,1,0,0,1,1,1,0,1,0,1,1,1,0,1,1,1,0,1,0,1,0,0,1,1,1,0,NA,0,1,0,0,0,0,1,0,1,1,0,1,1,NA,1,1,1,NA,NA,1,0,1,1,NA,NA,1,1,1,0,1,1
